Date,SPX close,Gain,% Change,Next_Week_Gain,Next_Week_%,Random_Forest,Logistic_Regression,RF,LR,RF Simulation,LR Simulation,S&P 500 Return
2010-01-22,1091.76001,-44.270019,-0.03896905704,-8.949951,-0.007816687764,1,0,-0.007816687764,0,9921.833122,10000,9921.833122
2010-01-29,1073.869995,-17.890015,-0.01638639888,-44.270019,-0.03896905704,1,0,-0.03896905704,0,9535.188641,10000,9535.188641
2010-02-05,1066.189941,-7.680054,-0.00715175397,-17.890015,-0.01638639888,0,0,0,0,9535.188641,10000,9378.941237
2010-02-12,1075.51001,9.320069,0.008741471516,-7.680054,-0.00715175397,0,0,0,0,9535.188641,10000,9311.865357
2010-02-19,1109.170044,33.660034,0.03129681145,9.320069,0.008741471516,1,1,0.008741471516,0.008741471516,9618.540221,10087.41472,9393.264763
2010-02-26,1104.48999,-4.680054,-0.004219419759,33.660034,0.03129681145,1,1,0.03129681145,0.03129681145,9919.569861,10403.11863,9687.243999
2010-03-05,1138.699951,34.209961,0.03097353648,-4.680054,-0.004219419759,1,1,-0.004219419759,-0.004219419759,9877.715032,10359.22351,9646.36945
2010-03-12,1149.98999,11.290039,0.009914849816,34.209961,0.03097353648,1,1,0.03097353648,0.03097353648,10183.6628,10680.08529,9945.151626
2010-03-19,1159.900024,9.910034,0.008617495879,11.290039,0.009914849816,1,1,0.009914849816,0.009914849816,10284.63229,10785.97674,10043.75631
2010-03-26,1166.589966,6.689942,0.005767688475,9.910034,0.008617495879,1,1,0.008617495879,0.008617495879,10373.26006,10878.92485,10130.30834
2010-04-02,1178.099976,11.51001,0.009866371506,6.689942,0.005767688475,1,1,0.005767688475,0.005767688475,10433.0898,10941.6711,10188.7368
2010-04-09,1194.369995,16.270019,0.01381038904,11.51001,0.009866371506,1,1,0.009866371506,0.009866371506,10536.02653,11049.62569,10289.26266
2010-04-16,1192.130005,-2.23999,-0.001875457362,16.270019,0.01381038904,1,1,0.01381038904,0.01381038904,10681.53316,11202.22532,10431.36139
2010-04-23,1217.280029,25.150024,0.02109671252,-2.23999,-0.001875457362,1,1,-0.001875457362,-0.001875457362,10661.5004,11181.21602,10411.79781
2010-04-30,1186.689941,-30.590088,-0.02512986928,25.150024,0.02109671252,1,0,0.02109671252,0,10886.42301,11181.21602,10631.45252
2010-05-07,1110.880005,-75.809936,-0.06388352457,-30.590088,-0.02512986928,1,0,-0.02512986928,0,10612.84862,11181.21602,10364.2855
2010-05-14,1135.680054,24.800049,0.02232468753,-75.809936,-0.06388352457,1,0,-0.06388352457,0,9934.862447,11181.21602,9702.178417
2010-05-21,1087.689941,-47.990113,-0.04225671907,24.800049,0.02232468753,1,0,0.02232468753,0,10156.65515,11181.21602,9918.776519
2010-05-28,1089.410034,1.720093,0.001581418505,-47.990113,-0.04225671907,0,0,0,0,10156.65515,11181.21602,9499.641566
2010-06-04,1064.880005,-24.530029,-0.02251680105,1.720093,0.001581418505,0,0,0,0,10156.65515,11181.21602,9514.664475
2010-06-11,1091.599976,26.719971,0.0250920018,-24.530029,-0.02251680105,0,0,0,0,10156.65515,11181.21602,9300.424668
2010-06-18,1117.51001,25.910034,0.02373583233,26.719971,0.0250920018,1,0,0.0250920018,0,10411.50596,11181.21602,9533.79094
2010-06-25,1076.76001,-40.75,-0.03646499775,25.910034,0.02373583233,1,0,0.02373583233,0,10658.63172,11181.21602,9760.083403
2010-07-02,1022.580017,-54.179993,-0.05031761256,-40.75,-0.03646499775,0,0,0,0,10658.63172,11181.21602,9404.181984
2010-07-09,1077.959961,55.379944,0.0541570763,-54.179993,-0.05031761256,0,0,0,0,10658.63172,11181.21602,8930.985999
2010-07-16,1064.880005,-13.079956,-0.01213399057,55.379944,0.0541570763,1,0,0.0541570763,0,11235.87205,11181.21602,9414.662089
2010-07-23,1102.660034,37.780029,0.03547820301,-13.079956,-0.01213399057,0,0,0,0,11235.87205,11181.21602,9300.424668
2010-07-30,1101.599976,-1.060058,-0.0009613643075,37.780029,0.03547820301,1,0,0.03547820301,0,11634.5006,11181.21602,9630.387022
2010-08-06,1121.640015,20.040039,0.01819175693,-1.060058,-0.0009613643075,1,0,-0.0009613643075,0,11623.3156,11181.21602,9621.128712
2010-08-13,1079.25,-42.390015,-0.03779288759,20.040039,0.01819175693,1,0,0.01819175693,0,11834.76413,11181.21602,9796.153947
2010-08-20,1071.689941,-7.560059,-0.007004919157,-42.390015,-0.03779288759,0,0,0,0,11834.76413,11181.21602,9425.929002
2010-08-27,1064.589966,-7.099975,-0.006625027192,-7.560059,-0.007004919157,0,0,0,0,11834.76413,11181.21602,9359.901131
2010-09-03,1104.51001,39.920044,0.03749804645,-7.099975,-0.006625027192,0,0,0,0,11834.76413,11181.21602,9297.891532
2010-09-10,1109.550049,5.040039,0.004563144702,39.920044,0.03749804645,1,1,0.03749804645,0.03749804645,12278.54467,11600.48978,9646.5443
2010-09-17,1125.589966,16.039917,0.01445623567,5.040039,0.004563144702,1,1,0.004563144702,0.004563144702,12334.57345,11653.42449,9690.562878
2010-09-24,1148.670044,23.080078,0.02050487184,16.039917,0.01445623567,1,1,0.01445623567,0.01445623567,12512.88495,11821.88914,9830.651939
2010-10-01,1146.23999,-2.430054,-0.002115537018,23.080078,0.02050487184,1,1,0.02050487184,0.02050487184,12769.46005,12064.29547,10032.2282
2010-10-08,1165.150024,18.910034,0.01649744745,-2.430054,-0.002115537018,1,1,-0.002115537018,-0.002115537018,12742.44578,12038.773,10011.00465
2010-10-15,1176.189941,11.039917,0.00947510344,18.910034,0.01649744745,1,1,0.01649744745,0.01649744745,12952.66361,12237.38203,10176.16067
2010-10-22,1183.079956,6.890015,0.005857910155,11.039917,0.00947510344,1,1,0.00947510344,0.00947510344,13075.39144,12353.33249,10272.58084
2010-10-29,1183.26001,0.180054,0.0001521908972,6.890015,0.005857910155,1,1,0.005857910155,0.005857910155,13151.98591,12425.6972,10332.7567
2010-11-05,1225.849976,42.589966,0.03599375086,0.180054,0.0001521908972,1,1,0.0001521908972,0.0001521908972,13153.98752,12427.58828,10334.32925
2010-11-12,1199.209961,-26.640015,-0.02173187219,42.589966,0.03599375086,1,1,0.03599375086,0.03599375086,13627.44887,12874.90379,10706.30052
2010-11-19,1199.72998,0.520019,0.0004336346569,-26.640015,-0.02173187219,1,1,-0.02173187219,-0.02173187219,13331.29889,12595.10803,10473.63257
2010-11-26,1189.400024,-10.329956,-0.008610234113,0.520019,0.0004336346569,1,1,0.0004336346569,0.0004336346569,13337.07981,12600.5697,10478.1743
2010-12-03,1224.709961,35.309937,0.0296871837,-10.329956,-0.008610234113,1,1,-0.008610234113,-0.008610234113,13222.24443,12492.07585,10387.95477
2010-12-10,1240.400024,15.690063,0.01281124797,35.309937,0.0296871837,1,1,0.0296871837,0.0296871837,13614.77563,12862.9304,10696.34389
2010-12-17,1243.910034,3.51001,0.002829740352,15.690063,0.01281124797,1,1,0.01281124797,0.01281124797,13789.19789,13027.72059,10833.3774
2010-12-24,1256.77002,12.859986,0.01033835699,3.51001,0.002829740352,1,1,0.002829740352,0.002829740352,13828.21774,13064.58566,10864.03305
2010-12-31,1257.640015,0.869995,0.0006922467804,12.859986,0.01033835699,1,1,0.01033835699,0.01033835699,13971.17879,13199.65201,10976.3493
2011-01-07,1271.5,13.859985,0.01102062978,0.869995,0.0006922467804,1,1,0.0006922467804,0.0006922467804,13980.8503,13208.78942,10983.94764
2011-01-14,1293.23999,21.73999,0.01709790798,13.859985,0.01102062978,1,1,0.01102062978,0.01102062978,14134.92807,13354.3586,11104.99766
2011-01-21,1283.349976,-9.890014,-0.00764746998,21.73999,0.01709790798,1,1,0.01709790798,0.01709790798,14376.60577,13582.6902,11294.86989
2011-01-28,1276.339966,-7.01001,-0.005462274618,-9.890014,-0.00764746998,1,1,-0.00764746998,-0.00764746998,14266.66111,13478.81698,11208.49271
2011-02-04,1310.869995,34.530029,0.02705394324,-7.01001,-0.005462274618,1,1,-0.005462274618,-0.005462274618,14188.73269,13405.19198,11147.26885
2011-02-11,1329.150024,18.280029,0.01394495951,34.530029,0.02705394324,1,1,0.02705394324,0.02705394324,14572.59386,13767.85529,11448.84642
2011-02-18,1343.01001,13.859986,0.01042770624,18.280029,0.01394495951,1,1,0.01394495951,0.01394495951,14775.80809,13959.84747,11608.50012
2011-02-25,1319.880005,-23.130005,-0.01722251125,13.859986,0.01042770624,1,1,0.01042770624,0.01042770624,14929.88588,14105.41666,11729.55015
2011-03-04,1321.150024,1.270019,0.0009622230772,-23.130005,-0.01722251125,1,1,-0.01722251125,-0.01722251125,14672.75575,13862.48596,11527.53784
2011-03-11,1304.280029,-16.869995,-0.01276917435,1.270019,0.0009622230772,1,0,0.0009622230772,0,14686.87421,13862.48596,11538.62991
2011-03-18,1279.209961,-25.070068,-0.01922138455,-16.869995,-0.01276917435,0,0,0,0,14686.87421,13862.48596,11391.29113
2011-03-25,1313.800049,34.590088,0.02704019594,-25.070068,-0.01922138455,1,1,-0.01922138455,-0.01922138455,14404.57216,13596.02979,11172.33474
2011-04-01,1332.410034,18.609985,0.01416500556,34.590088,0.02704019594,1,1,0.02704019594,0.02704019594,14794.07461,13963.6691,11474.43686
2011-04-08,1328.170044,-4.23999,-0.00318219609,18.609985,0.01416500556,1,1,0.01416500556,0.01416500556,15003.63276,14161.46455,11636.97233
2011-04-15,1319.680054,-8.48999,-0.006392246263,-4.23999,-0.00318219609,1,1,-0.00318219609,-0.00318219609,14955.88826,14116.39999,11599.9412
2011-04-22,1337.380005,17.699951,0.01341230471,-8.48999,-0.006392246263,1,1,-0.006392246263,-0.006392246263,14860.28654,14026.16449,11525.79152
2011-04-29,1363.609985,26.22998,0.01961295959,17.699951,0.01341230471,1,1,0.01341230471,0.01341230471,15059.59723,14214.28768,11680.37894
2011-05-06,1340.199951,-23.410034,-0.01716769036,26.22998,0.01961295959,1,1,0.01961295959,0.01961295959,15354.9605,14493.07193,11909.46574
2011-05-13,1337.77002,-2.429931,-0.001813110796,-23.410034,-0.01716769036,1,1,-0.01716769036,-0.01716769036,15091.35129,14244.25936,11705.00772
2011-05-20,1333.27002,-4.5,-0.003363806882,-2.429931,-0.001813110796,0,0,0,0,15091.35129,14244.25936,11683.78525
2011-05-27,1331.099976,-2.170044,-0.001627610287,-4.5,-0.003363806882,0,0,0,0,15091.35129,14244.25936,11644.48325
2011-06-03,1300.160034,-30.939942,-0.02324389043,-2.170044,-0.001627610287,1,1,-0.001627610287,-0.001627610287,15066.78845,14221.07525,11625.53057
2011-06-10,1270.97998,-29.180054,-0.02244343253,-30.939942,-0.02324389043,0,0,0,0,15066.78845,14221.07525,11355.30801
2011-06-17,1271.5,0.52002,0.0004091488522,-29.180054,-0.02244343253,0,0,0,0,15066.78845,14221.07525,11100.45592
2011-06-24,1268.449951,-3.050049,-0.002398780181,0.52002,0.0004091488522,1,1,0.0004091488522,0.0004091488522,15072.95301,14226.89379,11104.99766
2011-07-01,1339.670044,71.220093,0.05614734184,-3.050049,-0.002398780181,1,1,-0.002398780181,-0.002398780181,15036.79631,14192.7666,11078.35921
2011-07-08,1343.800049,4.130005,0.003082852392,71.220093,0.05614734184,1,1,0.05614734184,0.05614734184,15881.07246,14989.65272,11700.37963
2011-07-15,1316.140015,-27.660034,-0.0205834447,4.130005,0.003082852392,1,1,0.003082852392,0.003082852392,15930.03146,15035.8636,11736.45018
2011-07-22,1345.02002,28.880005,0.02194295795,-27.660034,-0.0205834447,1,1,-0.0205834447,-0.0205834447,15602.13654,14726.37374,11494.8736
2011-07-29,1292.280029,-52.739991,-0.03921130557,28.880005,0.02194295795,1,0,0.02194295795,0,15944.49356,14726.37374,11747.10513
2011-08-05,1199.380005,-92.900024,-0.07188846219,-52.739991,-0.03921130557,0,0,0,0,15944.49356,14726.37374,11286.4858
2011-08-12,1178.810059,-20.569946,-0.01715048268,-92.900024,-0.07188846219,0,0,0,0,15944.49356,14726.37374,10475.1177
2011-08-19,1123.530029,-55.28003,-0.04689477289,-20.569946,-0.01715048268,1,0,-0.01715048268,0,15671.0378,14726.37374,10295.46437
2011-08-26,1176.800049,53.27002,0.04741308076,-55.28003,-0.04689477289,0,0,0,0,15671.0378,14726.37374,9812.660908
2011-09-02,1173.969971,-2.830078,-0.00240489283,53.27002,0.04741308076,1,0,0.04741308076,0,16414.04998,14726.37374,10277.90939
2011-09-09,1154.22998,-19.739991,-0.01681473248,-2.830078,-0.00240489283,0,0,0,0,16414.04998,14726.37374,10253.19212
2011-09-16,1216.01001,61.78003,0.05352488765,-19.739991,-0.01681473248,0,0,0,0,16414.04998,14726.37374,10080.78744
2011-09-23,1136.430054,-79.579956,-0.06544350404,61.78003,0.05352488765,0,0,0,0,16414.04998,14726.37374,10620.36045
2011-09-30,1131.420044,-5.01001,-0.004408551131,-79.579956,-0.06544350404,0,0,0,0,16414.04998,14726.37374,9925.326852
2011-10-07,1155.459961,24.039917,0.02124756153,-5.01001,-0.004408551131,0,0,0,0,16414.04998,14726.37374,9881.570541
2011-10-14,1224.579956,69.119995,0.05982032899,24.039917,0.02124756153,1,0,0.02124756153,0,16762.80852,14726.37374,10091.52982
2011-10-21,1238.25,13.670044,0.01116304732,69.119995,0.05982032899,1,0,0.05982032899,0,17765.56524,14726.37374,10695.20845
2011-10-28,1285.089966,46.839966,0.03782755179,13.670044,0.01116304732,1,0,0.01116304732,0,17963.88308,14726.37374,10814.59957
2011-11-04,1253.22998,-31.859986,-0.02479202767,46.839966,0.03782755179,1,0,0.03782755179,0,18643.4128,14726.37374,11223.6894
2011-11-11,1263.849976,10.619996,0.008474099862,-31.859986,-0.02479202767,1,0,-0.02479202767,0,18181.2048,14726.37374,10945.43138
2011-11-18,1215.650024,-48.199952,-0.03813739994,10.619996,0.008474099862,1,0,0.008474099862,0,18335.27414,14726.37374,11038.18406
2011-11-25,1158.670044,-56.97998,-0.04687202639,-48.199952,-0.03813739994,1,0,-0.03813739994,0,17636.01446,14726.37374,10617.21642
2011-12-02,1244.280029,85.609985,0.07388642301,-56.97998,-0.04687202639,1,0,-0.04687202639,0,16809.37872,14726.37374,10119.56597
2011-12-09,1255.189941,10.909912,0.008768052003,85.609985,0.07388642301,1,0,0.07388642301,0,18051.36359,14726.37374,10867.2645
2011-12-16,1219.660034,-35.529907,-0.02830639877,10.909912,0.008768052003,1,0,0.008768052003,0,18209.63888,14726.37374,10962.54924
2011-12-23,1265.329956,45.669922,0.03744479669,-35.529907,-0.02830639877,1,1,-0.02830639877,-0.02830639877,17694.18958,14309.52313,10652.23895
2011-12-30,1257.599976,-7.72998,-0.00610906267,45.669922,0.03744479669,1,1,0.03744479669,0.03744479669,18356.74492,14845.34031,11051.10987
2012-01-06,1277.810059,20.210083,0.01607035893,-7.72998,-0.00610906267,1,1,-0.00610906267,-0.00610906267,18244.60241,14754.6492,10983.59795
2012-01-13,1289.089966,11.279907,0.008827530289,20.210083,0.01607035893,1,1,0.01607035893,0.01607035893,18537.79972,14991.76171,11160.10831
2012-01-20,1315.380005,26.290039,0.02039426238,11.279907,0.008827530289,1,1,0.008827530289,0.008827530289,18701.44271,15124.10194,11258.6245
2012-01-27,1316.329956,0.949951,0.000722187502,26.290039,0.02039426238,1,1,0.02039426238,0.02039426238,19082.84484,15432.54684,11488.23585
2012-02-03,1344.900024,28.570068,0.02170433626,0.949951,0.000722187502,1,1,0.000722187502,0.000722187502,19096.62623,15443.69203,11496.53251
2012-02-10,1342.640015,-2.260009,-0.001680428998,28.570068,0.02170433626,1,1,0.02170433626,0.02170433626,19511.10583,15778.88712,11746.05711
2012-02-17,1361.22998,18.589965,0.0138458297,-2.260009,-0.001680428998,1,1,-0.001680428998,-0.001680428998,19478.3188,15752.37182,11726.3187
2012-02-24,1365.73999,4.51001,0.003313187387,18.589965,0.0138458297,1,1,0.0138458297,0.0138458297,19748.01228,15970.47648,11888.67931
2012-03-02,1369.630005,3.890015,0.002848283735,4.51001,0.003313187387,1,1,0.003313187387,0.003313187387,19813.44115,16023.38966,11928.06873
2012-03-09,1370.869995,1.23999,0.0009053466962,3.890015,0.002848283735,1,1,0.002848283735,0.002848283735,19869.87545,16069.02882,11962.04326
2012-03-16,1404.170044,33.300049,0.02429117941,1.23999,0.0009053466962,1,1,0.0009053466962,0.0009053466962,19887.86458,16083.57686,11972.87305
2012-03-23,1397.109985,-7.060059,-0.0050279231,33.300049,0.02429117941,1,1,0.02429117941,0.02429117941,20370.96427,16474.26591,12263.70826
2012-03-30,1408.469971,11.359986,0.008131060634,-7.060059,-0.0050279231,1,1,-0.0050279231,-0.0050279231,20268.54062,16391.43457,12202.04728
2012-04-06,1398.079956,-10.390015,-0.00737680974,11.359986,0.008131060634,1,1,0.008131060634,0.008131060634,20433.34536,16524.71432,12301.26287
2012-04-13,1370.26001,-27.819946,-0.01989868024,-10.390015,-0.00737680974,0,0,0,0,20433.34536,16524.71432,12210.51879
2012-04-20,1378.530029,8.270019,0.006035364777,-27.819946,-0.01989868024,1,1,-0.01989868024,-0.01989868024,20026.74875,16195.89431,11967.54558
2012-04-27,1403.359985,24.829956,0.01801190796,8.270019,0.006035364777,1,1,0.006035364777,0.006035364777,20147.61748,16293.64244,12039.77408
2012-05-04,1369.099976,-34.260009,-0.02441284443,24.829956,0.01801190796,1,1,0.01801190796,0.01801190796,20510.51452,16587.12203,12256.63339
2012-05-11,1353.390015,-15.709961,-0.01147466312,-34.260009,-0.02441284443,0,0,0,0,20510.51452,16587.12203,11957.4141
2012-05-18,1295.219971,-58.170044,-0.04298099096,-15.709961,-0.01147466312,0,0,0,0,20510.51452,16587.12203,11820.2068
2012-05-25,1317.819946,22.599975,0.01744875427,-58.170044,-0.04298099096,1,0,-0.04298099096,0,19628.95228,16587.12203,11312.1626
2012-06-01,1278.040039,-39.779907,-0.0301861473,22.599975,0.01744875427,0,0,0,0,19628.95228,16587.12203,11509.54575
2012-06-08,1325.660034,47.619995,0.0372601746,-39.779907,-0.0301861473,0,0,0,0,19628.95228,16587.12203,11162.1169
2012-06-15,1342.839966,17.179932,0.01295953077,47.619995,0.0372601746,1,1,0.0372601746,0.0372601746,20360.33047,17205.16109,11578.01933
2012-06-22,1335.02002,-7.819946,-0.005823438532,17.179932,0.01295953077,1,1,0.01295953077,0.01295953077,20624.1908,17428.13191,11728.06503
2012-06-29,1362.160034,27.140014,0.02032929364,-7.819946,-0.005823438532,0,0,0,0,20624.1908,17428.13191,11659.76736
2012-07-06,1354.680054,-7.47998,-0.005491263738,27.140014,0.02032929364,1,1,0.02032929364,0.02032929364,21043.46603,17782.43352,11896.8022
2012-07-13,1356.780029,2.099975,0.001550163076,-7.47998,-0.005491263738,1,1,-0.005491263738,-0.005491263738,20927.9108,17684.78549,11831.47372
2012-07-20,1362.660034,5.880005,0.00433379389,2.099975,0.001550163076,0,0,0,0,20927.9108,17684.78549,11849.81443
2012-07-27,1385.969971,23.309937,0.01710620141,5.880005,0.00433379389,0,0,0,0,20927.9108,17684.78549,11901.16908
2012-08-03,1390.98999,5.020019,0.003622025805,23.309937,0.01710620141,1,1,0.01710620141,0.01710620141,21285.90786,17987.30499,12104.75288
2012-08-10,1405.869995,14.880005,0.01069742062,5.020019,0.003622025805,1,1,0.003622025805,0.003622025805,21363.00597,18052.45547,12148.59661
2012-08-17,1418.160034,12.290039,0.008741945588,14.880005,0.01069742062,1,1,0.01069742062,0.01069742062,21591.53503,18245.57018,12278.55525
2012-08-24,1411.130005,-7.030029,-0.004957147876,12.290039,0.008741945588,1,1,0.008741945588,0.008741945588,21780.28705,18405.07196,12385.89372
2012-08-31,1406.579956,-4.550049,-0.003224401001,-7.030029,-0.004957147876,1,1,-0.004957147876,-0.004957147876,21672.31895,18313.8353,12324.49501
2012-09-07,1437.920044,31.340088,0.02228105688,-4.550049,-0.003224401001,1,1,-0.003224401001,-0.003224401001,21602.4387,18254.78415,12284.7559
2012-09-14,1465.77002,27.849976,0.01936823686,31.340088,0.02228105688,1,1,0.02228105688,0.02228105688,22083.76387,18661.52003,12558.47324
2012-09-21,1460.150024,-5.619996,-0.003834159468,27.849976,0.01936823686,1,1,0.01936823686,0.01936823686,22511.48744,19022.96077,12801.70873
2012-09-28,1440.670044,-19.47998,-0.01334108118,-5.619996,-0.003834159468,1,1,-0.003834159468,-0.003834159468,22425.17481,18950.02371,12752.62493
2012-10-05,1460.930054,20.26001,0.0140629078,-19.47998,-0.01334108118,1,1,-0.01334108118,-0.01334108118,22125.99873,18697.2099,12582.49113
2012-10-12,1428.589966,-32.340088,-0.02213664365,20.26001,0.0140629078,1,1,0.0140629078,0.0140629078,22437.15461,18960.14704,12759.43754
2012-10-19,1433.189941,4.599975,0.003219940717,-32.340088,-0.02213664365,0,0,0,0,22437.15461,18960.14704,12476.98642
2012-10-26,1411.939941,-21.25,-0.01482706471,4.599975,0.003219940717,0,0,0,0,22437.15461,18960.14704,12517.16158
2012-11-02,1414.199951,2.26001,0.001600641737,-21.25,-0.01482706471,0,0,0,0,22437.15461,18960.14704,12331.56881
2012-11-09,1379.849976,-34.349975,-0.02428933403,2.26001,0.001600641737,1,1,0.001600641737,0.001600641737,22473.06845,18990.49545,12351.30723
2012-11-16,1359.880005,-19.969971,-0.01447256684,-34.349975,-0.02428933403,0,0,0,0,22473.06845,18990.49545,12051.30221
2012-11-23,1409.150024,49.270019,0.03623115188,-19.969971,-0.01447256684,0,0,0,0,22473.06845,18990.49545,11876.88893
2012-11-30,1416.180054,7.03003,0.004988844254,49.270019,0.03623115188,1,1,0.03623115188,0.03623115188,23287.29361,19678.54297,12307.2023
2012-12-07,1418.069946,1.889892,0.001334499801,7.03003,0.004988844254,1,1,0.004988844254,0.004988844254,23403.47029,19776.71616,12368.60101
2012-12-14,1413.579956,-4.48999,-0.003166268358,1.889892,0.001334499801,1,1,0.001334499801,0.001334499801,23434.70222,19803.10818,12385.10691
2012-12-21,1430.150024,16.570068,0.01172205925,-4.48999,-0.003166268358,1,1,-0.003166268358,-0.003166268358,23360.50166,19740.40623,12345.89234
2012-12-28,1402.430054,-27.71997,-0.01938256094,16.570068,0.01172205925,1,1,0.01172205925,0.01172205925,23634.33485,19971.80444,12490.61162
2013-01-04,1466.469971,64.039917,0.04566353724,-27.71997,-0.01938256094,1,1,-0.01938256094,-0.01938256094,23176.24091,19584.69972,12248.51158
2013-01-11,1472.050049,5.580078,0.003805108942,64.039917,0.04566353724,1,1,0.04566353724,0.04566353724,24234.55005,20479.00639,12807.82194
2013-01-18,1485.97998,13.929931,0.009462946596,5.580078,0.003805108942,1,1,0.003805108942,0.003805108942,24326.76515,20556.93124,12856.5571
2013-01-25,1502.959961,16.979981,0.01142678988,13.929931,0.009462946596,1,1,0.009462946596,0.009462946596,24556.96803,20751.46038,12978.21801
2013-02-01,1513.170044,10.210083,0.006793316698,16.979981,0.01142678988,1,1,0.01142678988,0.01142678988,24837.57535,20988.58296,13126.51738
2013-02-08,1517.930054,4.76001,0.003145720482,10.210083,0.006793316698,1,1,0.006793316698,0.006793316698,25006.30486,21131.16505,13215.68997
2013-02-15,1519.790039,1.859985,0.001225343022,4.76001,0.003145720482,1,1,0.003145720482,0.003145720482,25084.96771,21197.63779,13257.26284
2013-02-22,1515.599976,-4.190063,-0.002757001225,1.859985,0.001225343022,1,1,0.001225343022,0.001225343022,25115.7054,21223.61216,13273.50753
2013-03-01,1518.199951,2.599975,0.001715475746,-4.190063,-0.002757001225,1,1,-0.002757001225,-0.002757001225,25046.46137,21165.09864,13236.91246
2013-03-08,1551.180054,32.980103,0.02172316168,2.599975,0.001715475746,1,1,0.001715475746,0.001715475746,25089.42796,21201.40685,13259.62006
2013-03-15,1560.699951,9.519897,0.00613719663,32.980103,0.02172316168,1,1,0.02172316168,0.02172316168,25634.44966,21661.96844,13547.66093
2013-03-22,1556.890015,-3.809936,-0.002441171346,9.519897,0.00613719663,1,1,0.00613719663,0.00613719663,25791.77332,21794.9122,13630.80559
2013-03-29,1569.189941,12.299926,0.007900317865,-3.809936,-0.002441171346,1,1,-0.002441171346,-0.002441171346,25728.81119,21741.70708,13597.53046
2013-04-05,1553.280029,-15.909912,-0.01013893321,12.299926,0.007900317865,1,1,0.007900317865,0.007900317865,25932.07697,21913.47348,13704.95527
2013-04-12,1588.849976,35.569947,0.02289989335,-15.909912,-0.01013893321,0,0,0,0,25932.07697,21913.47348,13566.00164
2013-04-19,1555.25,-33.599976,-0.02114735595,35.569947,0.02289989335,0,0,0,0,25932.07697,21913.47348,13876.66163
2013-04-26,1582.23999,26.98999,0.0173541167,-33.599976,-0.02114735595,1,1,-0.02114735595,-0.02114735595,25383.68211,21450.06146,13583.20693
2013-05-03,1614.420044,32.180054,0.02033828888,26.98999,0.0173541167,1,1,0.0173541167,0.0173541167,25824.19349,21822.30833,13818.93149
2013-05-10,1633.699951,19.279907,0.01194231146,32.180054,0.02033828888,1,1,0.02033828888,0.02033828888,26349.4134,22266.13674,14099.98491
2013-05-17,1667.469971,33.77002,0.02067088267,19.279907,0.01194231146,1,1,0.01194231146,0.01194231146,26664.0863,22532.04588,14268.37132
2013-05-24,1649.599976,-17.869995,-0.01071683167,33.77002,0.02067088267,1,1,0.02067088267,0.02067088267,27215.2565,22997.80316,14563.31115
2013-05-31,1630.73999,-18.859986,-0.01143306636,-17.869995,-0.01071683167,1,1,-0.01071683167,-0.01071683167,26923.59518,22751.33957,14407.2386
2013-06-07,1643.380005,12.640015,0.007751091577,-18.859986,-0.01143306636,1,1,-0.01143306636,-0.01143306636,26615.77593,22491.22199,14242.51968
2013-06-14,1626.72998,-16.650025,-0.01013157331,12.640015,0.007751091577,1,1,0.007751091577,0.007751091577,26822.07724,22665.55352,14352.91476
2013-06-21,1592.430054,-34.299926,-0.0210851994,-16.650025,-0.01013157331,1,1,-0.01013157331,-0.01013157331,26550.3274,22435.9158,14207.49715
2013-06-28,1606.280029,13.849975,0.008697383578,-34.299926,-0.0210851994,1,1,-0.0210851994,-0.0210851994,25990.50845,21962.85004,13907.92924
2013-07-05,1631.890015,25.609986,0.01594366209,13.849975,0.008697383578,1,1,0.008697383578,0.008697383578,26216.55787,22153.86937,14028.89183
2013-07-12,1680.189941,48.299926,0.02959753755,25.609986,0.01594366209,1,1,0.01594366209,0.01594366209,26634.54581,22507.08318,14252.56374
2013-07-19,1692.089966,11.900025,0.007082547461,48.299926,0.02959753755,1,1,0.02959753755,0.02959753755,27422.86278,23173.23742,14674.40453
2013-07-26,1691.650024,-0.439942,-0.0002599991778,11.900025,0.007082547461,1,1,0.007082547461,0.007082547461,27617.08651,23337.36297,14778.3367
2013-08-02,1709.670044,18.02002,0.01065233337,-0.439942,-0.0002599991778,1,1,-0.0002599991778,-0.0002599991778,27609.90609,23331.29528,14774.49435
2013-08-09,1691.420044,-18.25,-0.01067457435,18.02002,0.01065233337,1,1,0.01065233337,0.01065233337,27904.01602,23579.82801,14931.87718
2013-08-16,1655.829956,-35.590088,-0.02104154324,-18.25,-0.01067457435,1,1,-0.01067457435,-0.01067457435,27606.15252,23328.12339,14772.48575
2013-08-23,1663.5,7.670044,0.004632144727,-35.590088,-0.02104154324,0,0,0,0,27606.15252,23328.12339,14461.64985
2013-08-30,1632.969971,-30.530029,-0.01835288789,7.670044,0.004632144727,1,1,0.004632144727,0.004632144727,27734.02822,23436.18263,14528.63831
2013-09-06,1655.170044,22.200073,0.01359490584,-30.530029,-0.01835288789,1,1,-0.01835288789,-0.01835288789,27225.02871,23006.061,14261.99584
2013-09-13,1687.98999,32.819946,0.01982874576,22.200073,0.01359490584,1,1,0.01359490584,0.01359490584,27595.15041,23318.82623,14455.88633
2013-09-20,1709.910034,21.920044,0.01298588506,32.819946,0.01982874576,1,1,0.01982874576,0.01982874576,28142.32763,23781.20931,14742.52842
2013-09-27,1691.75,-18.160034,-0.01062046168,21.920044,0.01298588506,1,1,0.01298588506,0.01298588506,28507.78066,24090.02936,14933.9732
2013-10-04,1690.5,-1.25,-0.0007388798581,-18.160034,-0.01062046168,1,1,-0.01062046168,-0.01062046168,28205.01487,23834.18212,14775.36751
2013-10-11,1703.199951,12.699951,0.00751254126,-1.25,-0.0007388798581,1,1,-0.0007388798581,-0.0007388798581,28184.17475,23816.57153,14764.45029
2013-10-18,1744.5,41.300049,0.02424850293,12.699951,0.00751254126,1,1,0.00751254126,0.00751254126,28395.90953,23995.4945,14875.36883
2013-10-25,1759.77002,15.27002,0.008753235884,41.300049,0.02424850293,1,1,0.02424850293,0.02424850293,29084.46782,24577.34932,15236.07426
2013-11-01,1761.640015,1.869995,0.001062636014,15.27002,0.008753235884,1,1,0.008753235884,0.008753235884,29339.05103,24792.48066,15369.43921
2013-11-08,1770.609985,8.96997,0.005091829161,1.869995,0.001062636014,1,1,0.001062636014,0.001062636014,29370.22776,24818.82604,15385.77133
2013-11-15,1798.180054,27.570069,0.01557094404,8.96997,0.005091829161,1,1,0.005091829161,0.005091829161,29519.77594,24945.19926,15464.11305
2013-11-22,1804.76001,6.579956,0.00365923089,27.570069,0.01557094404,1,1,0.01557094404,0.01557094404,29979.42672,25333.61956,15704.90389
2013-11-29,1805.810059,1.050049,0.0005818219565,6.579956,0.00365923089,1,1,0.00365923089,0.00365923089,30089.12837,25426.32113,15762.37176
2013-12-06,1805.089966,-0.720093,-0.0003987645303,1.050049,0.0005818219565,1,1,0.0005818219565,0.0005818219565,30106.63488,25441.11472,15771.54265
2013-12-13,1775.319946,-29.77002,-0.01649226385,-0.720093,-0.0003987645303,1,1,-0.0003987645303,-0.0003987645303,30094.62943,25430.96971,15765.25352
2013-12-20,1818.319946,43,0.02422098625,-29.77002,-0.01649226385,1,1,-0.01649226385,-0.01649226385,29598.30086,25011.55544,15505.2488
2013-12-27,1841.400024,23.080078,0.0126930786,43,0.02422098625,1,1,0.02422098625,0.02422098625,30315.20089,25617.35998,15880.80122
2014-01-03,1831.369995,-10.030029,-0.005446958222,23.080078,0.0126930786,1,1,0.0126930786,0.0126930786,30699.99412,25942.52315,16082.37748
2014-01-10,1842.369995,11,0.006006432359,-10.030029,-0.005446958222,1,1,-0.005446958222,-0.005446958222,30532.77254,25801.21531,15994.77744
2014-01-17,1838.699951,-3.670044,-0.001992023323,11,0.006006432359,1,1,0.006006432359,0.006006432359,30716.16557,25956.18856,16090.84899
2014-01-24,1790.290039,-48.409912,-0.02632833703,-3.670044,-0.001992023323,1,1,-0.001992023323,-0.001992023323,30654.97825,25904.48323,16058.79564
2014-01-31,1782.589966,-7.700073,-0.004301019853,-48.409912,-0.02632833703,1,1,-0.02632833703,-0.02632833703,29847.88365,25222.46126,15635.99426
2014-02-07,1797.02002,14.430054,0.008094993395,-7.700073,-0.004301019853,1,1,-0.004301019853,-0.004301019853,29719.50731,25113.97896,15568.74353
2014-02-14,1838.630005,41.609985,0.02315499245,14.430054,0.008094993395,1,1,0.008094993395,0.008094993395,29960.08653,25317.27645,15694.77241
2014-02-21,1836.25,-2.380005,-0.001294444773,41.609985,0.02315499245,1,1,0.02315499245,0.02315499245,30653.81211,25903.4978,16058.18475
2014-02-28,1859.449951,23.199951,0.01263441852,-2.380005,-0.001294444773,1,1,-0.001294444773,-0.001294444773,30614.13244,25869.96715,16037.39831
2014-03-07,1878.040039,18.590088,0.009997627519,23.199951,0.01263441852,1,1,0.01263441852,0.01263441852,31000.9242,26196.81914,16240.02152
2014-03-14,1841.130005,-36.910034,-0.01965348621,18.590088,0.009997627519,1,1,0.009997627519,0.009997627519,31310.85989,26458.72518,16402.3832
2014-03-21,1866.52002,25.390015,0.01379045202,-36.910034,-0.01965348621,1,1,-0.01965348621,-0.01965348621,30695.49234,25938.71899,16080.01919
2014-03-28,1857.619995,-8.900025,-0.004768245132,25.390015,0.01379045202,1,1,0.01379045202,0.01379045202,31118.79705,26296.42565,16301.76992
2014-04-04,1865.089966,7.469971,0.004021258934,-8.900025,-0.004768245132,1,1,-0.004768245132,-0.004768245132,30970.415,26171.03785,16224.03909
2014-04-11,1815.689941,-49.400025,-0.02648667137,7.469971,0.004021258934,1,1,0.004021258934,0.004021258934,31094.95506,26276.27837,16289.28015
2014-04-18,1864.849976,49.160035,0.02707512659,-49.400025,-0.02648667137,1,1,-0.02648667137,-0.02648667137,30271.3532,25580.30722,15857.83134
2014-04-25,1863.400024,-1.449952,-0.0007775167004,49.160035,0.02707512659,1,1,0.02707512659,0.02707512659,31090.95392,26272.89727,16287.18413
2014-05-02,1881.140015,17.739991,0.009520226882,-1.449952,-0.0007775167004,1,1,-0.0007775167004,-0.0007775167004,31066.78019,26252.46966,16274.52057
2014-05-09,1878.47998,-2.660035,-0.001414054764,17.739991,0.009520226882,1,1,0.009520226882,0.009520226882,31362.54298,26502.39912,16429.4577
2014-05-16,1877.859985,-0.619995,-0.0003300514281,-2.660035,-0.001414054764,1,1,-0.001414054764,-0.001414054764,31318.19463,26464.92328,16406.22555
2014-05-23,1900.530029,22.670044,0.01207227598,-0.619995,-0.0003300514281,1,1,-0.0003300514281,-0.0003300514281,31307.85802,26456.18849,16400.81065
2014-05-30,1923.569946,23.039917,0.01212289027,22.670044,0.01207227598,1,1,0.01207227598,0.01207227598,31685.81512,26775.5749,16598.80576
2014-06-06,1949.439941,25.869995,0.01344894947,23.039917,0.01212289027,1,1,0.01212289027,0.01212289027,32069.93878,27100.17226,16800.03126
2014-06-13,1936.160034,-13.279907,-0.006812165238,25.869995,0.01344894947,1,1,0.01344894947,0.01344894947,32501.24576,27464.64111,17025.97403
2014-06-20,1962.869995,26.709961,0.01379532711,-13.279907,-0.006812165238,1,1,-0.006812165238,-0.006812165238,32279.84191,27277.54743,16909.99029
2014-06-27,1960.959961,-1.910034,-0.0009730822749,26.709961,0.01379532711,1,1,0.01379532711,0.01379532711,32725.15289,27653.85012,17143.26913
2014-07-04,1985.439941,24.47998,0.01248367151,-1.910034,-0.0009730822749,1,1,-0.0009730822749,-0.0009730822749,32693.30862,27626.94065,17126.58732
2014-07-11,1967.569946,-17.869995,-0.009000521562,24.47998,0.01248367151,1,1,0.01248367151,0.01248367151,33101.44115,27971.8263,17340.39001
2014-07-18,1978.219971,10.650025,0.005412780888,-17.869995,-0.009000521562,1,1,-0.009000521562,-0.009000521562,32803.51091,27720.06528,17184.31746
2014-07-25,1978.339966,0.119995,6.07E-05,10.650025,0.005412780888,1,1,0.005412780888,0.005412780888,32981.06913,27870.10792,17277.3324
2014-08-01,1925.150024,-53.189942,-0.02688614844,0.119995,0.00,1,1,0.00,0.00,32983.08097,27871.80799,17278.38632
2014-08-08,1931.589966,6.439942,0.003345163712,-53.189942,-0.02688614844,1,1,-0.02688614844,-0.02688614844,32096.29296,27122.44243,16813.83706
2014-08-15,1955.060059,23.470093,0.01215066003,6.439942,0.003345163712,1,1,0.003345163712,0.003345163712,32203.66032,27213.17144,16870.0821
2014-08-22,1988.400024,33.339965,0.01705316665,23.470093,0.01215066003,1,1,0.01215066003,0.01215066003,32594.95604,27543.82943,17075.06473
2014-08-29,2003.369995,14.969971,0.007528651589,33.339965,0.01705316665,1,1,0.01705316665,0.01705316665,33150.80326,28013.53894,17366.24866
2014-09-05,2007.709961,4.339966,0.002166332735,14.969971,0.007528651589,1,1,0.007528651589,0.007528651589,33400.38411,28224.44312,17496.99309
2014-09-12,1985.540039,-22.169922,-0.01104239279,4.339966,0.002166332735,1,1,0.002166332735,0.002166332735,33472.74045,28285.58665,17534.8974
2014-09-19,2010.400024,24.859985,0.01252051558,-22.169922,-0.01104239279,1,1,-0.01104239279,-0.01104239279,33103.12131,27973.2461,17341.27018
2014-09-26,1982.849976,-27.550048,-0.01370376426,24.859985,0.01252051558,1,1,0.01252051558,0.01252051558,33517.58945,28323.48556,17558.39182
2014-10-03,1967.900024,-14.949952,-0.007539628404,-27.550048,-0.01370376426,1,1,-0.01370376426,-0.01370376426,33058.27231,27935.34719,17317.77576
2014-10-10,1906.130005,-61.770019,-0.03138879935,-14.949952,-0.007539628404,1,1,-0.007539628404,-0.007539628404,32809.02522,27724.72505,17187.20616
2014-10-17,1886.76001,-19.369995,-0.01016194853,-61.770019,-0.03138879935,1,1,-0.03138879935,-0.03138879935,31779.18931,26854.47922,16647.7204
2014-10-24,1964.579956,77.819946,0.04124528058,-19.369995,-0.01016194853,1,1,-0.01016194853,-0.01016194853,31456.25082,26581.58539,16478.54712
2014-10-31,2018.050049,53.470093,0.02721706125,77.819946,0.04124528058,1,1,0.04124528058,0.04124528058,32753.67272,27677.95033,17158.20942
2014-11-07,2031.920044,13.869995,0.006872968788,53.470093,0.02721706125,1,1,0.02721706125,0.02721706125,33645.13143,28431.2628,17625.20546
2014-11-14,2039.819946,7.899902,0.00388790003,13.869995,0.006872968788,1,1,0.006872968788,0.006872968788,33876.37337,28626.66999,17746.34294
2014-11-21,2063.5,23.680054,0.01160889423,7.899902,0.00388790003,1,1,0.00388790003,0.00388790003,34008.08132,28737.96762,17815.33895
2014-11-28,2067.560059,4.060059,0.001967559486,23.680054,0.01160889423,1,1,0.01160889423,0.01160889423,34402.87754,29071.58364,18022.15534
2014-12-05,2075.370117,7.810058,0.003777427391,4.060059,0.001967559486,1,1,0.001967559486,0.001967559486,34470.56725,29128.78371,18057.615
2014-12-12,2002.329956,-73.040161,-0.03519380008,7.810058,0.003777427391,1,1,0.003777427391,0.003777427391,34600.77732,29238.81558,18125.82633
2014-12-19,2070.649902,68.319946,0.03412022369,-73.040161,-0.03519380008,1,1,-0.03519380008,-0.03519380008,33383.04448,28209.79055,17487.90962
2014-12-26,2088.77002,18.120118,0.00875093273,68.319946,0.03412022369,1,1,0.03412022369,0.03412022369,34522.08142,29172.31491,18084.60101
2015-01-02,2058.199951,-30.570069,-0.01463544033,18.120118,0.00875093273,1,1,0.00875093273,0.00875093273,34824.18183,29427.59988,18242.85813
2015-01-09,2044.810059,-13.389892,-0.006505632261,-30.570069,-0.01463544033,1,1,-0.01463544033,-0.01463544033,34314.5146,28996.914,17975.86587
2015-01-16,2019.420044,-25.390015,-0.01241680854,-13.389892,-0.006505632261,1,1,-0.006505632261,-0.006505632261,34091.27698,28808.27074,17858.9215
2015-01-23,2051.820068,32.400024,0.01604422225,-25.390015,-0.01241680854,1,1,-0.01241680854,-0.01241680854,33667.97212,28450.56395,17637.17069
2015-01-30,1994.98999,-56.830078,-0.02769739846,32.400024,0.01604422225,1,1,0.01604422225,0.01604422225,34208.14855,28907.03113,17920.14538
2015-02-06,2055.469971,60.479981,0.03031593206,-56.830078,-0.02769739846,1,1,-0.02769739846,-0.02769739846,33260.67183,28106.38157,17423.80397
2015-02-13,2096.98999,41.520019,0.02019976919,60.479981,0.03031593206,1,1,0.03031593206,0.03031593206,34269.0001,28958.45272,17952.02283
2015-02-20,2110.300049,13.310059,0.006347221047,41.520019,0.02019976919,1,1,0.02019976919,0.02019976919,34961.22599,29543.40678,18314.64955
2015-02-27,2104.5,-5.800049,-0.00274844755,13.310059,0.006347221047,1,1,0.006347221047,0.006347221047,35183.13262,29730.92531,18430.89667
2015-03-06,2071.26001,-33.23999,-0.01579472084,-5.800049,-0.00274844755,1,1,-0.00274844755,-0.00274844755,35086.43363,29649.21143,18380.24032
2015-03-13,2053.399902,-17.860108,-0.008622822781,-33.23999,-0.01579472084,1,1,-0.01579472084,-0.01579472084,34532.2532,29180.91041,18089.92956
2015-03-20,2108.100098,54.700196,0.02663884222,-17.860108,-0.008622822781,1,1,-0.008622822781,-0.008622822781,34234.4877,28929.28859,17933.9433
2015-03-27,2061.02002,-47.080078,-0.02233294237,54.700196,0.02663884222,1,1,0.02663884222,0.02663884222,35146.45482,29699.93134,18411.68279
2015-04-03,2066.959961,5.939941,0.002882039448,-47.080078,-0.02233294237,1,1,-0.02233294237,-0.02233294237,34361.53107,29036.64449,18000.49574
2015-04-10,2102.060059,35.100098,0.01698150843,5.939941,0.002882039448,1,1,0.002882039448,0.002882039448,34460.56236,29120.32924,18052.37387
2015-04-17,2081.179932,-20.880127,-0.00993317337,35.100098,0.01698150843,1,1,0.01698150843,0.01698150843,35045.75469,29614.83636,18358.93041
2015-04-24,2117.689941,36.510009,0.01754293727,-20.880127,-0.00993317337,1,1,-0.00993317337,-0.00993317337,34697.63913,29320.66706,18176.56797
2015-05-01,2108.290039,-9.399902,-0.004438752727,36.510009,0.01754293727,1,1,0.01754293727,0.01754293727,35306.33764,29835.03768,18495.43837
2015-05-08,2116.100098,7.810059,0.003704451881,-9.399902,-0.004438752727,1,1,-0.004438752727,-0.004438752727,35149.62153,29702.60732,18413.34169
2015-05-15,2122.72998,6.629882,0.003133066345,7.810059,0.003704451881,1,1,0.003704451881,0.003704451881,35279.83162,29812.6392,18481.55303
2015-05-22,2126.060059,3.330079,0.001568771832,6.629882,0.003133066345,1,1,0.003133066345,0.003133066345,35390.36567,29906.04418,18539.45696
2015-05-29,2107.389893,-18.670166,-0.008781579768,3.330079,0.001568771832,1,1,0.001568771832,0.001568771832,35445.88508,29952.95994,18568.54114
2015-06-05,2092.830078,-14.559815,-0.006908932727,-18.670166,-0.008781579768,1,1,-0.008781579768,-0.008781579768,35134.61421,29689.92563,18405.48001
2015-06-12,2094.110107,1.280029,0.0006116258618,-14.559815,-0.006908932727,1,1,-0.006908932727,-0.006908932727,34891.87152,29484.79993,18278.31779
2015-06-19,2109.98999,15.879883,0.0075831175,1.280029,0.0006116258618,1,1,0.0006116258618,0.0006116258618,34913.2123,29502.8336,18289.49728
2015-06-26,2101.48999,-8.5,-0.00402845513,15.879883,0.0075831175,1,1,0.0075831175,0.0075831175,35177.96329,29726.55705,18428.18869
2015-07-03,2076.780029,-24.709961,-0.01175830535,-8.5,-0.00402845513,1,1,-0.00402845513,-0.00402845513,35036.25044,29606.80495,18353.95156
2015-07-10,2076.620117,-0.159912,-7.70E-05,-24.709961,-0.01175830535,1,1,-0.01175830535,-0.01175830535,34624.28351,29258.6791,18138.14019
2015-07-17,2126.639893,50.019776,0.02408710943,-0.159912,0.00,1,1,0.00,0.00,34621.61744,29256.42618,18136.74355
2015-07-24,2079.649902,-46.989991,-0.02209588523,50.019776,0.02408710943,1,1,0.02408710943,0.02408710943,35455.55213,29961.12892,18573.60528
2015-07-31,2103.840088,24.190186,0.01163185495,-46.989991,-0.02209588523,0,0,0,0,35455.55213,29961.12892,18163.20503
2015-08-07,2077.570068,-26.27002,-0.01248669999,24.190186,0.01163185495,1,1,0.01163185495,0.01163185495,35867.96597,30309.63243,18374.4768
2015-08-14,2091.540039,13.969971,0.006724187653,-26.27002,-0.01248669999,1,1,-0.01248669999,-0.01248669999,35420.09344,29931.16514,18145.04022
2015-08-21,1970.890015,-120.650024,-0.05768477856,13.969971,0.006724187653,1,1,0.006724187653,0.006724187653,35658.26479,30132.42791,18267.05087
2015-08-28,1988.869995,17.97998,0.009122771876,-120.650024,-0.05768477856,1,1,-0.05768477856,-0.05768477856,33601.32568,28394.24548,17213.32009
2015-09-04,1921.219971,-67.650024,-0.03401430167,17.97998,0.009122771876,1,1,0.009122771876,0.009122771876,33907.86291,28653.2797,17370.35328
2015-09-11,1961.050049,39.830078,0.02073165936,-67.650024,-0.03401430167,1,1,-0.03401430167,-0.03401430167,32754.51063,27678.6584,16779.51284
2015-09-18,1958.030029,-3.02002,-0.001540001491,39.830078,0.02073165936,1,1,0.02073165936,0.02073165936,33433.56599,28252.48292,17127.37999
2015-09-25,1931.339966,-26.690063,-0.01363107951,-3.02002,-0.001540001491,1,1,-0.001540001491,-0.001540001491,33382.07825,28208.97405,17101.0038
2015-10-02,1951.359985,20.020019,0.01036586999,-26.690063,-0.01363107951,1,1,-0.01363107951,-0.01363107951,32927.04449,27824.45529,16867.89865
2015-10-09,2014.890015,63.53003,0.03255679654,20.020019,0.01036586999,1,1,0.01036586999,0.01036586999,33268.36195,28112.87997,17042.7491
2015-10-16,2033.109985,18.21997,0.009042662311,63.53003,0.03255679654,1,1,0.03255679654,0.03255679654,34351.47324,29028.14529,17597.60641
2015-10-23,2075.149902,42.039917,0.02067764032,18.21997,0.009042662311,1,1,0.009042662311,0.009042662311,34662.10201,29290.637,17756.73563
2015-10-30,2079.360107,4.210205,0.002028867889,42.039917,0.02067764032,1,1,0.02067764032,0.02067764032,35378.83249,29896.29826,18123.90302
2015-11-06,2099.199951,19.839844,0.009541321839,4.210205,0.002028867889,1,1,0.002028867889,0.002028867889,35450.61147,29956.9539,18160.67402
2015-11-13,2023.040039,-76.159912,-0.03628044673,19.839844,0.009541321839,1,1,0.009541321839,0.009541321839,35788.85716,30242.78284,18333.95086
2015-11-20,2089.169922,66.129883,0.03268837083,-76.159912,-0.03628044673,1,1,-0.03628044673,-0.03628044673,34490.42144,29145.56116,17668.78693
2015-11-27,2090.110107,0.940185,0.0004500280184,66.129883,0.03268837083,1,1,0.03268837083,0.03268837083,35617.85712,30098.28208,18246.35079
2015-12-04,2091.689941,1.579834,0.0007558616145,0.940185,0.0004500280184,1,1,0.0004500280184,0.0004500280184,35633.88616,30111.82715,18254.56216
2015-12-11,2012.369995,-79.319946,-0.03792146458,1.579834,0.0007558616145,1,1,0.0007558616145,0.0007558616145,35660.82044,30134.58752,18268.36008
2015-12-18,2005.550049,-6.819946,-0.003389011969,-79.319946,-0.03792146458,1,1,-0.03792146458,-0.03792146458,34308.5099,28991.83983,17575.59711
2015-12-25,2060.98999,55.439941,0.02764325978,-6.819946,-0.003389011969,1,1,-0.003389011969,-0.003389011969,34192.23795,28893.58614,17516.0332
2016-01-01,2043.939941,-17.050049,-0.008272747118,55.439941,0.02764325978,1,1,0.02764325978,0.02764325978,35137.42287,29692.29904,18000.23346
2016-01-08,1922.030029,-121.909912,-0.05964456663,-17.050049,-0.008272747118,1,1,-0.008272747118,-0.008272747118,34846.73985,29446.66216,17851.32208
2016-01-15,1880.329956,-41.700073,-0.02169584885,-121.909912,-0.05964456663,0,0,0,0,34846.73985,29446.66216,16786.58771
2016-01-22,1906.900024,26.570068,0.01413053486,-41.700073,-0.02169584885,0,0,0,0,34846.73985,29446.66216,16422.38844
2016-01-29,1940.23999,33.339966,0.0174838563,26.570068,0.01413053486,1,1,0.01413053486,0.01413053486,35339.14293,29862.75925,16654.44557
2016-02-05,1880.050049,-60.189941,-0.03102190518,33.339966,0.0174838563,1,1,0.0174838563,0.0174838563,35957.00742,30384.87544,16945.62951
2016-02-12,1864.780029,-15.27002,-0.008122134838,-60.189941,-0.03102190518,0,0,0,0,35957.00742,30384.87544,16419.9438
2016-02-19,1917.780029,53,0.0284215828,-15.27002,-0.008122134838,1,1,-0.008122134838,-0.008122134838,35664.95976,30138.08538,16286.5788
2016-02-26,1948.050049,30.27002,0.0157838853,53,0.0284215828,1,1,0.0284215828,0.0284215828,36678.61437,30994.65747,16749.46915
2016-03-04,1999.98999,51.939941,0.02666252904,30.27002,0.0157838853,1,1,0.0157838853,0.0157838853,37257.54541,31483.87359,17013.84085
2016-03-11,2022.189941,22.199951,0.01110003106,51.939941,0.02666252904,1,1,0.02666252904,0.02666252904,38250.9258,32323.31328,17467.47287
2016-03-18,2049.580078,27.390137,0.01354478946,22.199951,0.01110003106,1,1,0.01110003106,0.01110003106,38675.51226,32682.10307,17661.36236
2016-03-25,2035.939941,-13.640137,-0.006655088594,27.390137,0.01354478946,1,1,0.01354478946,0.01354478946,39199.36393,33124.77527,17900.5818
2016-04-01,2072.780029,36.840088,0.01809487955,-13.640137,-0.006655088594,1,1,-0.006655088594,-0.006655088594,38938.48869,32904.32696,17781.45184
2016-04-08,2047.599976,-25.180053,-0.01214796199,36.840088,0.01809487955,1,1,0.01809487955,0.01809487955,39643.07595,33499.72679,18103.20507
2016-04-15,2080.72998,33.130004,0.0161799201,-25.180053,-0.01214796199,1,1,-0.01214796199,-0.01214796199,39161.49337,33092.77338,17883.28802
2016-04-22,2091.580078,10.850098,0.005214563208,33.130004,0.0161799201,1,1,0.0161799201,0.0161799201,39795.12321,33628.21181,18172.63819
2016-04-29,2065.300049,-26.280029,-0.01256467743,10.850098,0.005214563208,1,1,0.005214563208,0.005214563208,40002.63739,33803.56825,18267.40056
2016-05-06,2057.139893,-8.160156,-0.003951075295,-26.280029,-0.01256467743,1,1,-0.01256467743,-0.01256467743,39500.01716,33378.83732,18037.87657
2016-05-13,2046.609985,-10.529908,-0.005118712653,-8.160156,-0.003951075295,1,1,-0.003951075295,-0.003951075295,39343.94962,33246.95502,17966.60756
2016-05-20,2052.320068,5.710083,0.002790020102,-10.529908,-0.005118712653,1,1,-0.005118712653,-0.005118712653,39142.55924,33076.77341,17874.64166
2016-05-27,2099.060059,46.739991,0.0227742211,5.710083,0.002790020102,1,1,0.002790020102,0.002790020102,39251.76777,33169.05827,17924.51227
2016-06-03,2099.129883,0.069824,3.33E-05,46.739991,0.0227742211,1,1,0.0227742211,0.0227742211,40145.69621,33924.45774,18332.72907
2016-06-10,2096.070068,-3.059815,-0.00145765873,0.069824,0.00,1,1,0.00,0.00,40147.03163,33925.58621,18333.3389
2016-06-17,2071.219971,-24.850097,-0.01185556598,-3.059815,-0.00145765873,1,1,-0.00145765873,-0.00145765873,40088.51096,33876.13429,18306.61515
2016-06-24,2037.410034,-33.809937,-0.01632368241,-24.850097,-0.01185556598,1,1,-0.01185556598,-0.01185556598,39613.23897,33474.51354,18089.57986
2016-07-01,2102.949951,65.539917,0.03216825082,-33.809937,-0.01632368241,1,1,-0.01632368241,-0.01632368241,38966.60504,32928.08621,17794.29131
2016-07-08,2129.899902,26.949951,0.01281530784,65.539917,0.03216825082,1,1,0.03216825082,0.03216825082,40220.09257,33987.32515,18366.70253
2016-07-15,2161.73999,31.840088,0.01494910065,26.949951,0.01281530784,1,1,0.01281530784,0.01281530784,40735.52543,34422.88319,18602.07748
2016-07-22,2175.030029,13.290039,0.006147843432,31.840088,0.01494910065,1,1,0.01494910065,0.01494910065,41344.4849,34937.47433,18880.16181
2016-07-29,2173.600098,-1.429931,-0.0006574304635,13.290039,0.006147843432,1,1,0.006147843432,0.006147843432,41598.66432,35152.26445,18996.23409
2016-08-05,2182.870117,9.270019,0.004264822682,-1.429931,-0.0006574304635,1,1,-0.0006574304635,-0.0006574304635,41571.31609,35129.15428,18983.74539
2016-08-12,2184.050049,1.179932,0.0005405415516,9.270019,0.004264822682,1,1,0.004264822682,0.004264822682,41748.61039,35278.9739,19064.70769
2016-08-19,2183.870117,-0.179932,-8.24E-05,1.179932,0.0005405415516,1,1,0.0005405415516,0.0005405415516,41771.17724,35298.04365,19075.01296
2016-08-26,2169.040039,-14.830078,-0.006790732601,-0.179932,0.00,1,1,0.00,0.00,41767.73594,35295.13563,19073.44147
2016-09-02,2179.97998,10.939941,0.00504367868,-14.830078,-0.006790732601,1,1,-0.006790732601,-0.006790732601,41484.10242,35055.45581,18943.91883
2016-09-09,2127.810059,-52.169921,-0.0239313762,10.939941,0.00504367868,1,1,0.00504367868,0.00504367868,41693.3349,35232.26426,19039.46587
2016-09-16,2139.159912,11.349853,0.005334053644,-52.169921,-0.0239313762,1,1,-0.0239313762,-0.0239313762,40695.55602,34389.10769,18583.82525
2016-09-23,2164.689941,25.530029,0.0119346052,11.349853,0.005334053644,1,1,0.005334053644,0.005334053644,40912.6283,34572.54104,18682.95237
2016-09-30,2168.27002,3.580079,0.001653853022,25.530029,0.0119346052,1,1,0.0119346052,0.0119346052,41400.90436,34985.15066,18905.92603
2016-10-07,2153.73999,-14.53003,-0.006701208736,3.580079,0.001653853022,1,1,0.001653853022,0.001653853022,41469.37538,35043.01096,18937.19366
2016-10-14,2132.97998,-20.76001,-0.009639051184,-14.53003,-0.006701208736,1,1,-0.006701208736,-0.006701208736,41191.48043,34808.18043,18810.29157
2016-10-21,2141.159912,8.179932,0.003834978329,-20.76001,-0.009639051184,1,1,-0.009639051184,-0.009639051184,40794.43365,34472.6626,18628.97821
2016-10-28,2126.409912,-14.75,-0.006888789538,8.179932,0.003834978329,1,1,0.003834978329,0.003834978329,40950.87942,34604.86451,18700.41993
2016-11-04,2085.179932,-41.22998,-0.01938947884,-14.75,-0.006888789538,1,1,-0.006888789538,-0.006888789538,40668.77743,34366.47888,18571.59668
2016-11-11,2164.449951,79.270019,0.03801591306,-41.22998,-0.01938947884,1,1,-0.01938947884,-0.01938947884,39880.23103,33700.13077,18211.50309
2016-11-18,2181.899902,17.449951,0.00806207184,79.270019,0.03801591306,1,1,0.03801591306,0.03801591306,41396.31442,34981.27201,18903.83001
2016-11-25,2213.350098,31.450196,0.01441413328,17.449951,0.00806207184,1,1,0.00806207184,0.00806207184,41730.05448,35263.29354,19056.23405
2016-12-02,2191.949951,-21.400147,-0.00966866788,31.450196,0.01441413328,1,1,0.01441413328,0.01441413328,42331.55705,35771.58335,19330.91315
2016-12-09,2259.530029,67.580078,0.03083103151,-21.400147,-0.00966866788,1,1,-0.00966866788,-0.00966866788,41922.26728,35425.71979,19144.00897
2016-12-16,2258.070068,-1.459961,-0.0006461348074,67.580078,0.03083103151,1,1,0.03083103151,0.03083103151,43214.77403,36517.93127,19734.23851
2016-12-23,2263.790039,5.719971,0.002533123786,-1.459961,-0.0006461348074,1,1,-0.0006461348074,-0.0006461348074,43186.85146,36494.33577,19721.48753
2016-12-30,2238.830078,-24.959961,-0.01102574027,5.719971,0.002533123786,1,1,0.002533123786,0.002533123786,43296.2491,36586.78044,19771.4445
2017-01-06,2276.97998,38.149902,0.01704010607,-24.959961,-0.01102574027,1,1,-0.01102574027,-0.01102574027,42818.8759,36183.3841,19553.44969
2017-01-13,2274.639893,-2.340087,-0.001027715228,38.149902,0.01704010607,1,1,0.01704010607,0.01704010607,43548.51409,36799.9528,19886.64255
2017-01-20,2271.310059,-3.329834,-0.001463895015,-2.340087,-0.001027715228,1,1,-0.001027715228,-0.001027715228,43503.75862,36762.13293,19866.20474
2017-01-27,2294.689941,23.379882,0.01029356688,-3.329834,-0.001463895015,1,1,-0.001463895015,-0.001463895015,43440.07368,36708.31703,19837.1227
2017-02-03,2297.419922,2.729981,0.001189694935,23.379882,0.01029356688,1,1,0.01029356688,0.01029356688,43887.22699,37086.17654,20041.31745
2017-02-10,2316.100098,18.680176,0.008130936718,2.729981,0.001189694935,1,1,0.001189694935,0.001189694935,43939.4394,37130.29778,20065.16051
2017-02-17,2351.159912,35.059814,0.0151374347,18.680176,0.008130936718,1,1,0.008130936718,0.008130936718,44296.7082,37432.20188,20228.30906
2017-02-24,2367.340088,16.180176,0.006881784568,35.059814,0.0151374347,1,1,0.0151374347,0.0151374347,44967.24673,37998.82939,20534.51376
2017-03-03,2383.120117,15.780029,0.006665721195,16.180176,0.006881784568,1,1,0.006881784568,0.006881784568,45276.70163,38260.32915,20675.82786
2017-03-10,2372.600098,-10.520019,-0.004414388903,15.780029,0.006665721195,0,0,0,0,45276.70163,38260.32915,20813.64717
2017-03-17,2378.25,5.649902,0.002381312386,-10.520019,-0.004414388903,1,1,-0.004414388903,-0.004414388903,45076.83266,38091.43318,20721.76763
2017-03-24,2343.97998,-34.27002,-0.01440976348,5.649902,0.002381312386,1,1,0.002381312386,0.002381312386,45184.17468,38182.14078,20771.11264
2017-03-31,2362.719971,18.739991,0.007994944991,-34.27002,-0.01440976348,1,1,-0.01440976348,-0.01440976348,44533.08141,37631.94516,20471.80582
2017-04-07,2355.540039,-7.179932,-0.003038841711,18.739991,0.007994944991,1,1,0.007994944991,0.007994944991,44889.12095,37932.81049,20635.47678
2017-04-14,2328.949951,-26.590088,-0.01128831926,-7.179932,-0.003038841711,1,1,-0.003038841711,-0.003038841711,44752.71001,37817.53869,20572.76883
2017-04-21,2348.689941,19.73999,0.008475918511,-26.590088,-0.01128831926,1,1,-0.01128831926,-0.01128831926,44247.52714,37390.64224,20340.53685
2017-04-28,2384.199951,35.51001,0.01511907101,19.73999,0.008475918511,1,1,0.008475918511,0.008475918511,44622.56557,37707.56227,20512.94158
2017-05-05,2399.290039,15.090088,0.006329204056,35.51001,0.01511907101,1,1,0.01511907101,0.01511907101,45297.21731,38277.66559,20823.0782
2017-05-12,2390.899902,-8.390137,-0.003496924867,15.090088,0.006329204056,1,1,0.006329204056,0.006329204056,45583.91264,38519.93274,20954.87171
2017-05-19,2381.72998,-9.169922,-0.003835343333,-8.390137,-0.003496924867,1,1,-0.003496924867,-0.003496924867,45424.50912,38385.23143,20881.5941
2017-05-26,2415.820068,34.090088,0.0143131624,-9.169922,-0.003835343333,1,1,-0.003835343333,-0.003835343333,45250.29053,38238.01089,20801.50602
2017-06-02,2439.070068,23.25,0.009624061124,34.090088,0.0143131624,1,1,0.0143131624,0.0143131624,45897.96529,38785.31775,21099.24135
2017-06-09,2431.77002,-7.300048,-0.002992963628,23.25,0.009624061124,1,1,0.009624061124,0.009624061124,46339.69011,39158.59002,21302.30174
2017-06-16,2433.149902,1.379882,0.0005674393502,-7.300048,-0.002992963628,1,1,-0.002992963628,-0.002992963628,46200.99711,39041.38978,21238.54473
2017-06-23,2438.300049,5.150147,0.002116658327,1.379882,0.0005674393502,1,1,0.0005674393502,0.0005674393502,46227.21337,39063.5434,21250.59631
2017-06-30,2423.409912,-14.890137,-0.006106769758,5.150147,0.002116658327,1,1,0.002116658327,0.002116658327,46325.06059,39146.22758,21295.57656
2017-07-07,2425.179932,1.77002,0.0007303840721,-14.890137,-0.006106769758,1,1,-0.006106769758,-0.006106769758,46042.16411,38907.17058,21165.52938
2017-07-14,2459.27002,34.090088,0.01405672526,1.77002,0.0007303840721,1,1,0.0007303840721,0.0007303840721,46075.79257,38935.58776,21180.98835
2017-07-21,2472.540039,13.270019,0.00539591785,34.090088,0.01405672526,1,1,0.01405672526,0.01405672526,46723.46733,39482.89462,21478.72368
2017-07-28,2472.100098,-0.439941,-0.000177930789,13.270019,0.00539591785,1,1,0.00539591785,0.00539591785,46975.58332,39695.94107,21594.62111
2017-08-04,2476.830078,4.72998,0.001913344854,-0.439941,-0.000177930789,1,1,-0.000177930789,-0.000177930789,46967.22492,39688.87794,21590.77876
2017-08-11,2441.320068,-35.51001,-0.01433687774,4.72998,0.001913344854,1,1,0.001913344854,0.001913344854,47057.08941,39764.81645,21632.08937
2017-08-18,2425.550049,-15.770019,-0.006459627808,-35.51001,-0.01433687774,1,1,-0.01433687774,-0.01433687774,46382.43768,39194.71314,21321.95274
2017-08-25,2443.050049,17.5,0.00721485834,-15.770019,-0.006459627808,1,1,-0.006459627808,-0.006459627808,46082.82439,38941.52988,21184.22087
2017-09-01,2476.550049,33.5,0.01371236746,17.5,0.00721485834,1,1,0.00721485834,0.00721485834,46415.30544,39222.4875,21337.06202
2017-09-08,2461.429932,-15.120117,-0.006105314531,33.5,0.01371236746,1,1,0.01371236746,0.01371236746,47051.76917,39760.32066,21629.64365
2017-09-15,2500.22998,38.800048,0.0157632145,-15.120117,-0.006105314531,1,1,-0.006105314531,-0.006105314531,46764.50332,39517.5714,21497.58788
2017-09-22,2502.219971,1.989991,0.0007959231814,38.800048,0.0157632145,1,1,0.0157632145,0.0157632145,47501.66221,40140.49536,21836.45896
2017-09-29,2519.360107,17.140136,0.006849971705,1.989991,0.0007959231814,1,1,0.0007959231814,0.0007959231814,47539.46989,40172.44411,21853.83911
2017-10-06,2549.330078,29.969971,0.0118958663,17.140136,0.006849971705,1,1,0.006849971705,0.006849971705,47865.11391,40447.62421,22003.53729
2017-10-13,2553.169922,3.839844,0.001506216882,29.969971,0.0118958663,1,1,0.0118958663,0.0118958663,48434.51091,40928.78374,22265.28843
2017-10-20,2575.209961,22.040039,0.008632421528,3.839844,0.001506216882,1,1,0.001506216882,0.001506216882,48507.46378,40990.43137,22298.82478
2017-10-27,2581.070068,5.860107,0.002275584162,22.040039,0.008632421528,1,1,0.008632421528,0.008632421528,48926.20066,41344.27805,22491.31763
2017-11-03,2587.840088,6.77002,0.002622950878,5.860107,0.002275584162,1,1,0.002275584162,0.002275584162,49037.53635,41438.36043,22542.49852
2017-11-10,2582.300049,-5.540039,-0.002140796499,6.77002,0.002622950878,1,1,0.002622950878,0.002622950878,49166.1594,41547.05122,22601.62639
2017-11-17,2578.850098,-3.449951,-0.001335999278,-5.540039,-0.002140796499,1,1,-0.002140796499,-0.002140796499,49060.90465,41458.10744,22553.2409
2017-11-24,2602.419922,23.569824,0.009139664232,-3.449951,-0.001335999278,1,1,-0.001335999278,-0.001335999278,48995.35932,41402.71943,22523.10979
2017-12-01,2642.219971,39.800049,0.01529347691,23.569824,0.009139664232,1,1,0.009139664232,0.009139664232,49443.16045,41781.12639,22728.96345
2017-12-08,2651.5,9.280029,0.00351220909,39.800049,0.01529347691,1,1,0.01529347691,0.01529347691,50199.31829,42420.10508,23076.56833
2017-12-15,2675.810059,24.310059,0.0091684175,9.280029,0.00351220909,1,1,0.00351220909,0.00351220909,50375.62879,42569.09336,23157.61806
2017-12-22,2683.340088,7.530029,0.002814111926,24.310059,0.0091684175,1,1,0.0091684175,0.0091684175,50837.49359,42959.38458,23369.93677
2017-12-29,2673.610107,-9.729981,-0.003626070748,7.530029,0.002814111926,1,1,0.002814111926,0.002814111926,50980.55598,43080.2771,23435.70239
2018-01-05,2743.149902,69.539795,0.02600969933,-9.729981,-0.003626070748,1,1,-0.003626070748,-0.003626070748,50795.69688,42924.06496,23350.72288
2018-01-12,2786.23999,43.090088,0.01570825129,69.539795,0.02600969933,1,1,0.02600969933,0.02600969933,52116.87768,44040.50699,23958.06816
2018-01-19,2810.300049,24.060059,0.008635314649,43.090088,0.01570825129,1,1,0.01570825129,0.01570825129,52935.54269,44732.30634,24334.40751
2018-01-26,2872.870117,62.570068,0.02226455073,24.060059,0.008635314649,1,1,0.008635314649,0.008635314649,53392.65776,45118.58388,24544.54278
2018-02-02,2762.129883,-110.740234,-0.03854689892,62.570068,0.02226455073,1,1,0.02226455073,0.02226455073,54581.4213,46123.12888,25091.016
2018-02-09,2619.550049,-142.579834,-0.05161952553,-110.740234,-0.03854689892,1,1,-0.03854689892,-0.03854689892,52477.47677,44345.22529,24123.83514
2018-02-16,2732.219971,112.669922,0.04301117363,-142.579834,-0.05161952553,1,1,-0.05161952553,-0.05161952553,49768.61432,42056.1458,22878.57421
2018-02-23,2747.300049,15.080078,0.005519349891,112.669922,0.04301117363,1,1,0.04301117363,0.04301117363,51909.22083,43865.02999,23862.60854
2018-03-02,2691.25,-56.050049,-0.02040186656,15.080078,0.005519349891,1,1,0.005519349891,0.005519349891,52195.72598,44107.13644,23994.31463
2018-03-09,2786.570068,95.320068,0.0354185111,-56.050049,-0.02040186656,1,1,-0.02040186656,-0.02040186656,51130.83574,43207.26853,23504.78582
2018-03-16,2752.01001,-34.560058,-0.01240236461,95.320068,0.0354185111,1,1,0.0354185111,0.0354185111,52941.81382,44737.60565,24337.29034
2018-03-23,2588.26001,-163.75,-0.0595019638,-34.560058,-0.01240236461,1,1,-0.01240236461,-0.01240236461,52285.21014,44182.75355,24035.45039
2018-03-30,2640.870117,52.610107,0.02032643815,-163.75,-0.0595019638,1,1,-0.0595019638,-0.0595019638,49174.13746,41553.79295,22605.29389
2018-04-06,2604.469971,-36.400146,-0.01378339123,52.610107,0.02032643815,1,1,0.02032643815,0.02032643815,50173.67252,42398.43355,23064.779
2018-04-13,2656.300049,51.830078,0.01990043217,-36.400146,-0.01378339123,0,0,0,0,50173.67252,42398.43355,22746.86813
2018-04-20,2670.139893,13.839844,0.005210196041,51.830078,0.01990043217,1,1,0.01990043217,0.01990043217,51172.15029,43242.1807,23199.54063
2018-04-27,2669.909912,-0.229981,-8.61E-05,13.839844,0.005210196041,1,1,0.005210196041,0.005210196041,51438.76722,43467.48094,23320.41479
2018-05-04,2663.419922,-6.48999,-0.002430789882,-0.229981,0.00,1,1,0.00,0.00,51434.33677,43463.73706,23318.40619
2018-05-11,2727.719971,64.300049,0.02414191186,-6.48999,-0.002430789882,1,1,-0.002430789882,-0.002430789882,51309.3107,43358.08584,23261.72404
2018-05-18,2712.969971,-14.75,-0.00540744657,64.300049,0.02414191186,1,1,0.02414191186,0.02414191186,52548.01556,44404.83293,23823.30653
2018-05-25,2721.330078,8.360107,0.003081533187,-14.75,-0.00540744657,1,1,-0.00540744657,-0.00540744657,52263.86497,44164.71617,23694.48327
2018-06-01,2734.620117,13.290039,0.004883655646,8.360107,0.003081533187,1,1,0.003081533187,0.003081533187,52424.91781,44300.81121,23767.49861
2018-06-08,2779.030029,44.409912,0.01623988346,13.290039,0.004883655646,1,1,0.004883655646,0.004883655646,52680.94305,44517.16111,23883.57089
2018-06-15,2779.659912,0.629883,0.0002266557012,44.409912,0.01623988346,1,1,0.01623988346,0.01623988346,53536.47543,45240.11462,24271.4373
2018-06-22,2754.879883,-24.780029,-0.008914770074,0.629883,0.0002266557012,1,1,0.0002266557012,0.0002266557012,53548.60978,45250.36855,24276.93856
2018-06-29,2718.370117,-36.509766,-0.01325276148,-24.780029,-0.008914770074,0,0,0,0,53548.60978,45250.36855,24060.51523
2018-07-06,2759.820068,41.449951,0.01524808956,-36.509766,-0.01325276148,1,1,-0.01325276148,-0.01325276148,52838.94282,44650.67621,23741.64696
2018-07-13,2801.310059,41.489991,0.01503358552,41.449951,0.01524808956,1,1,0.01524808956,0.01524808956,53644.63575,45331.51372,24103.66172
2018-07-20,2801.830078,0.520019,0.0001856342172,41.489991,0.01503358552,1,1,0.01503358552,0.01503358552,54451.10697,46013.00891,24466.02618
2018-07-27,2818.820068,16.98999,0.006063890217,0.520019,0.0001856342172,1,1,0.0001856342172,0.0001856342172,54461.21496,46021.5505,24470.56791
2018-08-03,2840.350098,21.53003,0.007637958252,16.98999,0.006063890217,1,1,0.006063890217,0.006063890217,54791.46179,46300.62013,24618.95475
2018-08-10,2833.280029,-7.070069,-0.002489154068,21.53003,0.007637958252,1,1,0.007637958252,0.007637958252,55209.95669,46654.26233,24806.9933
2018-08-17,2850.129883,16.849854,0.005947119179,-7.070069,-0.002489154068,1,1,-0.002489154068,-0.002489154068,55072.5306,46538.13268,24745.24487
2018-08-24,2874.689941,24.560058,0.0086171715,16.849854,0.005947119179,1,1,0.005947119179,0.005947119179,55400.0535,46814.90051,24892.40779
2018-08-31,2901.52002,26.830079,0.009333207946,24.560058,0.0086171715,1,1,0.0086171715,0.0086171715,55877.44527,47218.31253,25106.90994
2018-09-07,2871.679932,-29.840088,-0.01028429506,26.830079,0.009333207946,1,1,0.009333207946,0.009333207946,56398.96108,47659.01086,25341.23795
2018-09-14,2904.97998,33.300048,0.01159601654,-29.840088,-0.01028429506,1,1,-0.01028429506,-0.01028429506,55818.93753,47168.87153,25080.62118
2018-09-21,2929.669922,24.689942,0.008499178022,33.300048,0.01159601654,1,1,0.01159601654,0.01159601654,56466.21485,47715.84255,25371.45648
2018-09-28,2913.97998,-15.689942,-0.005355532336,24.689942,0.008499178022,1,1,0.008499178022,0.008499178022,56946.13126,48121.38799,25587.093
2018-10-05,2885.570068,-28.409912,-0.009749522027,-15.689942,-0.005355532336,1,1,-0.005355532336,-0.005355532336,56641.15441,47863.67234,25450.0605
2018-10-12,2767.129883,-118.440185,-0.04104567978,-28.409912,-0.009749522027,1,1,-0.009749522027,-0.009749522027,56088.93023,47397.02441,25201.93458