Date,SPX close,Gain,% Change,Next_Week_Gain,Next_Week_%,Random_Forest,Logistic_Regression,RF,LR
2010-01-22,1091.76001,-44.27001900000005,-0.03896905704065684,-8.949951000000056,-0.007816687764269952,1,0,-0.007816687764269952,0.0
2010-01-29,1073.869995,-17.89001499999995,-0.016386398875335204,-44.27001900000005,-0.03896905704065684,1,0,-0.03896905704065684,0.0
2010-02-05,1066.189941,-7.680053999999927,-0.007151753969995155,-17.89001499999995,-0.016386398875335204,0,0,0.0,0.0
2010-02-12,1075.51001,9.320068999999876,0.008741471516096281,-7.680053999999927,-0.007151753969995155,0,0,0.0,0.0
2010-02-19,1109.170044,33.660033999999996,0.03129681145413049,9.320068999999876,0.008741471516096281,1,1,0.008741471516096281,0.008741471516096281
2010-02-26,1104.48999,-4.680053999999927,-0.0042194197592302874,33.660033999999996,0.03129681145413049,1,1,0.03129681145413049,0.03129681145413049
2010-03-05,1138.699951,34.20996100000002,0.030973536482662028,-4.680053999999927,-0.0042194197592302874,1,1,-0.0042194197592302874,-0.0042194197592302874
2010-03-12,1149.98999,11.290038999999979,0.00991484981630598,34.20996100000002,0.030973536482662028,1,1,0.030973536482662028,0.030973536482662028
2010-03-19,1159.900024,9.910033999999996,0.008617495879246737,11.290038999999979,0.00991484981630598,1,1,0.00991484981630598,0.00991484981630598
2010-03-26,1166.589966,6.689941999999974,0.005767688474502501,9.910033999999996,0.008617495879246737,1,1,0.008617495879246737,0.008617495879246737
2010-04-02,1178.099976,11.510009999999966,0.009866371506233207,6.689941999999974,0.005767688474502501,1,1,0.005767688474502501,0.005767688474502501
2010-04-09,1194.369995,16.270019000000048,0.01381038904290755,11.510009999999966,0.009866371506233207,1,1,0.009866371506233207,0.009866371506233207
2010-04-16,1192.130005,-2.2399900000000343,-0.0018754573619375245,16.270019000000048,0.01381038904290755,1,1,0.01381038904290755,0.01381038904290755
2010-04-23,1217.280029,25.15002400000003,0.021096712518363325,-2.2399900000000343,-0.0018754573619375245,1,1,-0.0018754573619375245,-0.0018754573619375245
2010-04-30,1186.689941,-30.590087999999923,-0.02512986927513285,25.15002400000003,0.021096712518363325,1,0,0.021096712518363325,0.0
2010-05-07,1110.880005,-75.8099360000001,-0.06388352456760236,-30.590087999999923,-0.02512986927513285,1,0,-0.02512986927513285,0.0
2010-05-14,1135.680054,24.800048999999944,0.022324687534546042,-75.8099360000001,-0.06388352456760236,1,0,-0.06388352456760236,0.0
2010-05-21,1087.689941,-47.99011299999984,-0.04225671907415558,24.800048999999944,0.022324687534546042,1,0,0.022324687534546042,0.0
2010-05-28,1089.410034,1.7200929999999062,0.001581418504632384,-47.99011299999984,-0.04225671907415558,0,0,0.0,0.0
2010-06-04,1064.880005,-24.530029000000013,-0.022516801052339136,1.7200929999999062,0.001581418504632384,0,0,0.0,0.0
2010-06-11,1091.599976,26.719970999999987,0.0250920017978927,-24.530029000000013,-0.022516801052339136,0,0,0.0,0.0
2010-06-18,1117.51001,25.910033999999996,0.023735832328380335,26.719970999999987,0.0250920017978927,1,0,0.0250920017978927,0.0
2010-06-25,1076.76001,-40.75,-0.036464997749774075,25.910033999999996,0.023735832328380335,1,0,0.023735832328380335,0.0
2010-07-02,1022.580017,-54.17999299999997,-0.05031761255695219,-40.75,-0.036464997749774075,0,0,0.0,0.0
2010-07-09,1077.959961,55.37994400000002,0.054157076296553544,-54.17999299999997,-0.05031761255695219,0,0,0.0,0.0
2010-07-16,1064.880005,-13.079956000000038,-0.012133990568505018,55.37994400000002,0.054157076296553544,1,0,0.054157076296553544,0.0
2010-07-23,1102.660034,37.78002900000001,0.035478203011239766,-13.079956000000038,-0.012133990568505018,0,0,0.0,0.0
2010-07-30,1101.599976,-1.0600580000000264,-0.0009613643075051601,37.78002900000001,0.035478203011239766,1,0,0.035478203011239766,0.0
2010-08-06,1121.640015,20.04003899999998,0.01819175693228227,-1.0600580000000264,-0.0009613643075051601,1,0,-0.0009613643075051601,0.0
2010-08-13,1079.25,-42.39001499999995,-0.03779288758702136,20.04003899999998,0.01819175693228227,1,0,0.01819175693228227,0.0
2010-08-20,1071.689941,-7.56005899999991,-0.007004919156821784,-42.39001499999995,-0.03779288758702136,0,0,0.0,0.0
2010-08-27,1064.589966,-7.099975000000086,-0.006625027191516847,-7.56005899999991,-0.007004919156821784,0,0,0.0,0.0
2010-09-03,1104.51001,39.92004399999996,0.037498046454441186,-7.099975000000086,-0.006625027191516847,0,0,0.0,0.0
2010-09-10,1109.550049,5.040038999999979,0.004563144701603908,39.92004399999996,0.037498046454441186,1,1,0.037498046454441186,0.037498046454441186
2010-09-17,1125.589966,16.03991700000006,0.014456235673601471,5.040038999999979,0.004563144701603908,1,1,0.004563144701603908,0.004563144701603908
2010-09-24,1148.670044,23.080077999999958,0.020504871842469817,16.03991700000006,0.014456235673601471,1,1,0.014456235673601471,0.014456235673601471
2010-10-01,1146.23999,-2.4300539999999273,-0.0021155370183919653,23.080077999999958,0.020504871842469817,1,1,0.020504871842469817,0.020504871842469817
2010-10-08,1165.150024,18.910033999999996,0.016497447449900955,-2.4300539999999273,-0.0021155370183919653,1,1,-0.0021155370183919653,-0.0021155370183919653
2010-10-15,1176.189941,11.03991700000006,0.00947510343955506,18.910033999999996,0.016497447449900955,1,1,0.016497447449900955,0.016497447449900955
2010-10-22,1183.079956,6.8900149999999485,0.0058579101553462,11.03991700000006,0.00947510343955506,1,1,0.00947510343955506,0.00947510343955506
2010-10-29,1183.26001,0.18005399999992733,0.00015219089723123272,6.8900149999999485,0.0058579101553462,1,1,0.0058579101553462,0.0058579101553462
2010-11-05,1225.849976,42.589966000000004,0.035993750857852454,0.18005399999992733,0.00015219089723123272,1,1,0.00015219089723123272,0.00015219089723123272
2010-11-12,1199.209961,-26.64001499999995,-0.02173187218792257,42.589966000000004,0.035993750857852454,1,1,0.035993750857852454,0.035993750857852454
2010-11-19,1199.72998,0.5200190000000475,0.00043363465690896436,-26.64001499999995,-0.02173187218792257,1,1,-0.02173187218792257,-0.02173187218792257
2010-11-26,1189.400024,-10.329956000000038,-0.00861023411284599,0.5200190000000475,0.00043363465690896436,1,1,0.00043363465690896436,0.00043363465690896436
2010-12-03,1224.709961,35.30993699999999,0.029687183695567162,-10.329956000000038,-0.00861023411284599,1,1,-0.00861023411284599,-0.00861023411284599
2010-12-10,1240.400024,15.69006300000001,0.0128112479686119,35.30993699999999,0.029687183695567162,1,1,0.029687183695567162,0.029687183695567162
2010-12-17,1243.910034,3.5100099999999657,0.0028297403515690077,15.69006300000001,0.0128112479686119,1,1,0.0128112479686119,0.0128112479686119
2010-12-24,1256.77002,12.859985999999935,0.010338356994071755,3.5100099999999657,0.0028297403515690077,1,1,0.0028297403515690077,0.0028297403515690077
2010-12-31,1257.640015,0.8699950000000172,0.0006922467803616268,12.859985999999935,0.010338356994071755,1,1,0.010338356994071755,0.010338356994071755
2011-01-07,1271.5,13.859985000000052,0.011020629778546011,0.8699950000000172,0.0006922467803616268,1,1,0.0006922467803616268,0.0006922467803616268
2011-01-14,1293.23999,21.739990000000034,0.017097907982697627,13.859985000000052,0.011020629778546011,1,1,0.011020629778546011,0.011020629778546011
2011-01-21,1283.349976,-9.890014000000065,-0.007647469979643967,21.739990000000034,0.017097907982697627,1,1,0.017097907982697627,0.017097907982697627
2011-01-28,1276.339966,-7.010009999999966,-0.005462274618065654,-9.890014000000065,-0.007647469979643967,1,1,-0.007647469979643967,-0.007647469979643967
2011-02-04,1310.869995,34.53002900000001,0.027053943243833214,-7.010009999999966,-0.005462274618065654,1,1,-0.005462274618065654,-0.005462274618065654
2011-02-11,1329.150024,18.280029000000013,0.013944959507597863,34.53002900000001,0.027053943243833214,1,1,0.027053943243833214,0.027053943243833214
2011-02-18,1343.01001,13.859985999999935,0.01042770624063122,18.280029000000013,0.013944959507597863,1,1,0.013944959507597863,0.013944959507597863
2011-02-25,1319.880005,-23.130004999999983,-0.017222511245467174,13.859985999999935,0.01042770624063122,1,1,0.01042770624063122,0.01042770624063122
2011-03-04,1321.150024,1.2700190000000475,0.0009622230772410614,-23.130004999999983,-0.017222511245467174,1,1,-0.017222511245467174,-0.017222511245467174
2011-03-11,1304.280029,-16.869995000000017,-0.012769174350785173,1.2700190000000475,0.0009622230772410614,1,0,0.0009622230772410614,0.0
2011-03-18,1279.209961,-25.070067999999992,-0.01922138455130788,-16.869995000000017,-0.012769174350785173,0,0,0.0,0.0
2011-03-25,1313.800049,34.59008799999992,0.0270401959448156,-25.070067999999992,-0.01922138455130788,1,1,-0.01922138455130788,-0.01922138455130788
2011-04-01,1332.410034,18.60998500000005,0.014165005560903318,34.59008799999992,0.0270401959448156,1,1,0.0270401959448156,0.0270401959448156
2011-04-08,1328.170044,-4.239990000000034,-0.003182196089646105,18.60998500000005,0.014165005560903318,1,1,0.014165005560903318,0.014165005560903318
2011-04-15,1319.680054,-8.489990000000034,-0.006392246262708237,-4.239990000000034,-0.003182196089646105,1,1,-0.003182196089646105,-0.003182196089646105
2011-04-22,1337.380005,17.699951000000056,0.013412304707001397,-8.489990000000034,-0.006392246262708237,1,1,-0.006392246262708237,-0.006392246262708237
2011-04-29,1363.609985,26.22998000000007,0.01961295959408341,17.699951000000056,0.013412304707001397,1,1,0.013412304707001397,0.013412304707001397
2011-05-06,1340.199951,-23.410033999999996,-0.01716769036419163,26.22998000000007,0.01961295959408341,1,1,0.01961295959408341,0.01961295959408341
2011-05-13,1337.77002,-2.429931000000124,-0.0018131107960323483,-23.410033999999996,-0.01716769036419163,1,1,-0.01716769036419163,-0.01716769036419163
2011-05-20,1333.27002,-4.5,-0.0033638068821425678,-2.429931000000124,-0.0018131107960323483,0,0,0.0,0.0
2011-05-27,1331.099976,-2.1700439999999617,-0.001627610287074453,-4.5,-0.0033638068821425678,0,0,0.0,0.0
2011-06-03,1300.160034,-30.939941999999974,-0.023243890434868412,-2.1700439999999617,-0.001627610287074453,1,1,-0.001627610287074453,-0.001627610287074453
2011-06-10,1270.97998,-29.180053999999927,-0.02244343252901429,-30.939941999999974,-0.023243890434868412,0,0,0.0,0.0
2011-06-17,1271.5,0.5200199999999313,0.00040914885221082027,-29.180053999999927,-0.02244343252901429,0,0,0.0,0.0
2011-06-24,1268.449951,-3.0500489999999445,-0.0023987801808886705,0.5200199999999313,0.00040914885221082027,1,1,0.00040914885221082027,0.00040914885221082027
2011-07-01,1339.670044,71.2200929999999,0.05614734183548398,-3.0500489999999445,-0.0023987801808886705,1,1,-0.0023987801808886705,-0.0023987801808886705
2011-07-08,1343.800049,4.130004999999983,0.0030828523922715877,71.2200929999999,0.05614734183548398,1,1,0.05614734183548398,0.05614734183548398
2011-07-15,1316.140015,-27.660033999999996,-0.02058344470264266,4.130004999999983,0.0030828523922715877,1,1,0.0030828523922715877,0.0030828523922715877
2011-07-22,1345.02002,28.880004999999983,0.021942957945853492,-27.660033999999996,-0.02058344470264266,1,1,-0.02058344470264266,-0.02058344470264266
2011-07-29,1292.280029,-52.73999099999992,-0.03921130556852226,28.880004999999983,0.021942957945853492,1,0,0.021942957945853492,0.0
2011-08-05,1199.380005,-92.90002400000003,-0.0718884621871689,-52.73999099999992,-0.03921130556852226,0,0,0.0,0.0
2011-08-12,1178.810059,-20.569946000000073,-0.01715048267792331,-92.90002400000003,-0.0718884621871689,0,0,0.0,0.0
2011-08-19,1123.530029,-55.2800299999999,-0.046894772892330655,-20.569946000000073,-0.01715048267792331,1,0,-0.01715048267792331,0.0
2011-08-26,1176.800049,53.27001999999993,0.04741308075887657,-55.2800299999999,-0.046894772892330655,0,0,0.0,0.0
2011-09-02,1173.969971,-2.8300779999999577,-0.0024048928298438213,53.27001999999993,0.04741308075887657,1,0,0.04741308075887657,0.0
2011-09-09,1154.22998,-19.739990999999918,-0.016814732478365853,-2.8300779999999577,-0.0024048928298438213,0,0,0.0,0.0
2011-09-16,1216.01001,61.7800299999999,0.05352488764847357,-19.739990999999918,-0.016814732478365853,0,0,0.0,0.0
2011-09-23,1136.430054,-79.57995600000004,-0.06544350403826038,61.7800299999999,0.05352488764847357,0,0,0.0,0.0
2011-09-30,1131.420044,-5.010009999999966,-0.004408551131119563,-79.57995600000004,-0.06544350403826038,0,0,0.0,0.0
2011-10-07,1155.459961,24.03991700000006,0.021247561528970102,-5.010009999999966,-0.004408551131119563,0,0,0.0,0.0
2011-10-14,1224.579956,69.11999500000002,0.05982032898844862,24.03991700000006,0.021247561528970102,1,0,0.021247561528970102,0.0
2011-10-21,1238.25,13.670043999999962,0.011163047323305985,69.11999500000002,0.05982032898844862,1,0,0.05982032898844862,0.0
2011-10-28,1285.089966,46.839966000000004,0.037827551786795886,13.670043999999962,0.011163047323305985,1,0,0.011163047323305985,0.0
2011-11-04,1253.22998,-31.859985999999935,-0.02479202767349281,46.839966000000004,0.037827551786795886,1,0,0.037827551786795886,0.0
2011-11-11,1263.849976,10.619995999999901,0.00847409986154329,-31.859985999999935,-0.02479202767349281,1,0,-0.02479202767349281,0.0
2011-11-18,1215.650024,-48.19995199999994,-0.038137399940892935,10.619995999999901,0.00847409986154329,1,0,0.00847409986154329,0.0
2011-11-25,1158.670044,-56.97998000000007,-0.04687202638512025,-48.19995199999994,-0.038137399940892935,1,0,-0.038137399940892935,0.0
2011-12-02,1244.280029,85.60998500000005,0.07388642301000065,-56.97998000000007,-0.04687202638512025,1,0,-0.04687202638512025,0.0
2011-12-09,1255.189941,10.909912000000077,0.0087680520025449,85.60998500000005,0.07388642301000065,1,0,0.07388642301000065,0.0
2011-12-16,1219.660034,-35.529907000000094,-0.028306398768375797,10.909912000000077,0.0087680520025449,1,0,0.0087680520025449,0.0
2011-12-23,1265.329956,45.66992200000004,0.03744479668668068,-35.529907000000094,-0.028306398768375797,1,1,-0.028306398768375797,-0.028306398768375797
2011-12-30,1257.599976,-7.729980000000069,-0.0061090626704486785,45.66992200000004,0.03744479668668068,1,1,0.03744479668668068,0.03744479668668068
2012-01-06,1277.810059,20.21008299999994,0.016070358926279067,-7.729980000000069,-0.0061090626704486785,1,1,-0.0061090626704486785,-0.0061090626704486785
2012-01-13,1289.089966,11.279907000000094,0.008827530289460725,20.21008299999994,0.016070358926279067,1,1,0.016070358926279067,0.016070358926279067
2012-01-20,1315.380005,26.29003899999998,0.020394262381528753,11.279907000000094,0.008827530289460725,1,1,0.008827530289460725,0.008827530289460725
2012-01-27,1316.329956,0.9499510000000555,0.000722187502006354,26.29003899999998,0.020394262381528753,1,1,0.020394262381528753,0.020394262381528753
2012-02-03,1344.900024,28.570067999999992,0.02170433626445556,0.9499510000000555,0.000722187502006354,1,1,0.000722187502006354,0.000722187502006354
2012-02-10,1342.640015,-2.260009000000082,-0.001680428998193015,28.570067999999992,0.02170433626445556,1,1,0.02170433626445556,0.02170433626445556
2012-02-17,1361.22998,18.58996500000012,0.013845829702908208,-2.260009000000082,-0.001680428998193015,1,1,-0.001680428998193015,-0.001680428998193015
2012-02-24,1365.73999,4.510009999999966,0.0033131873866016127,18.58996500000012,0.013845829702908208,1,1,0.013845829702908208,0.013845829702908208
2012-03-02,1369.630005,3.8900149999999485,0.002848283735178574,4.510009999999966,0.0033131873866016127,1,1,0.0033131873866016127,0.0033131873866016127
2012-03-09,1370.869995,1.2399900000000343,0.0009053466961685279,3.8900149999999485,0.002848283735178574,1,1,0.002848283735178574,0.002848283735178574
2012-03-16,1404.170044,33.300048999999944,0.024291179412676507,1.2399900000000343,0.0009053466961685279,1,1,0.0009053466961685279,0.0009053466961685279
2012-03-23,1397.109985,-7.06005899999991,-0.005027923099604246,33.300048999999944,0.024291179412676507,1,1,0.024291179412676507,0.024291179412676507
2012-03-30,1408.469971,11.359985999999935,0.008131060633712339,-7.06005899999991,-0.005027923099604246,1,1,-0.005027923099604246,-0.005027923099604246
2012-04-06,1398.079956,-10.390014999999948,-0.007376809739595044,11.359985999999935,0.008131060633712339,1,1,0.008131060633712339,0.008131060633712339
2012-04-13,1370.26001,-27.819946000000073,-0.019898680244007497,-10.390014999999948,-0.007376809739595044,0,0,0.0,0.0
2012-04-20,1378.530029,8.270019000000048,0.006035364777229431,-27.819946000000073,-0.019898680244007497,1,1,-0.019898680244007497,-0.019898680244007497
2012-04-27,1403.359985,24.82995600000004,0.01801190795822703,8.270019000000048,0.006035364777229431,1,1,0.006035364777229431,0.006035364777229431
2012-05-04,1369.099976,-34.26000900000008,-0.024412844434922434,24.82995600000004,0.01801190795822703,1,1,0.01801190795822703,0.01801190795822703
2012-05-11,1353.390015,-15.709961000000021,-0.011474663118393059,-34.26000900000008,-0.024412844434922434,0,0,0.0,0.0
2012-05-18,1295.219971,-58.17004399999996,-0.0429809909599488,-15.709961000000021,-0.011474663118393059,0,0,0.0,0.0
2012-05-25,1317.819946,22.599975000000086,0.01744875427032779,-58.17004399999996,-0.0429809909599488,1,0,-0.0429809909599488,0.0
2012-06-01,1278.040039,-39.779907000000094,-0.030186147296331855,22.599975000000086,0.01744875427032779,0,0,0.0,0.0
2012-06-08,1325.660034,47.61999500000002,0.0372601746008366,-39.779907000000094,-0.030186147296331855,0,0,0.0,0.0
2012-06-15,1342.839966,17.179932000000008,0.012959530769108189,47.61999500000002,0.0372601746008366,1,1,0.0372601746008366,0.0372601746008366
2012-06-22,1335.02002,-7.819946000000073,-0.005823438531766244,17.179932000000008,0.012959530769108189,1,1,0.012959530769108189,0.012959530769108189
2012-06-29,1362.160034,27.140014000000065,0.020329293638607807,-7.819946000000073,-0.005823438531766244,0,0,0.0,0.0
2012-07-06,1354.680054,-7.479980000000069,-0.005491263737958171,27.140014000000065,0.020329293638607807,1,1,0.020329293638607807,0.020329293638607807
2012-07-13,1356.780029,2.099975000000086,0.0015501630763658427,-7.479980000000069,-0.005491263737958171,1,1,-0.005491263737958171,-0.005491263737958171
2012-07-20,1362.660034,5.880004999999983,0.004333793890181134,2.099975000000086,0.0015501630763658427,0,0,0.0,0.0
2012-07-27,1385.969971,23.30993699999999,0.017106201413697578,5.880004999999983,0.004333793890181134,0,0,0.0,0.0
2012-08-03,1390.98999,5.0200190000000475,0.003622025805059847,23.30993699999999,0.017106201413697578,1,1,0.017106201413697578,0.017106201413697578
2012-08-10,1405.869995,14.880004999999983,0.010697420619108828,5.0200190000000475,0.003622025805059847,1,1,0.003622025805059847,0.003622025805059847
2012-08-17,1418.160034,12.290038999999979,0.008741945587934664,14.880004999999983,0.010697420619108828,1,1,0.010697420619108828,0.010697420619108828
2012-08-24,1411.130005,-7.030029000000013,-0.00495714787573827,12.290038999999979,0.008741945587934664,1,1,0.008741945587934664,0.008741945587934664
2012-08-31,1406.579956,-4.5500489999999445,-0.0032244010005300287,-7.030029000000013,-0.00495714787573827,1,1,-0.00495714787573827,-0.00495714787573827
2012-09-07,1437.920044,31.340087999999923,0.0222810568758026,-4.5500489999999445,-0.0032244010005300287,1,1,-0.0032244010005300287,-0.0032244010005300287
2012-09-14,1465.77002,27.84997599999997,0.01936823686143704,31.340087999999923,0.0222810568758026,1,1,0.0222810568758026,0.0222810568758026
2012-09-21,1460.150024,-5.619995999999901,-0.0038341594679361097,27.84997599999997,0.01936823686143704,1,1,0.01936823686143704,0.01936823686143704
2012-09-28,1440.670044,-19.47998000000007,-0.013341081176464145,-5.619995999999901,-0.0038341594679361097,1,1,-0.0038341594679361097,-0.0038341594679361097
2012-10-05,1460.930054,20.260009999999966,0.014062907800698302,-19.47998000000007,-0.013341081176464145,1,1,-0.013341081176464145,-0.013341081176464145
2012-10-12,1428.589966,-32.34008799999992,-0.022136643647964766,20.260009999999966,0.014062907800698302,1,1,0.014062907800698302,0.014062907800698302
2012-10-19,1433.189941,4.599975000000086,0.0032199407174053228,-32.34008799999992,-0.022136643647964766,0,0,0.0,0.0
2012-10-26,1411.939941,-21.25,-0.014827064712143413,4.599975000000086,0.0032199407174053228,0,0,0.0,0.0
2012-11-02,1414.199951,2.2600099999999657,0.001600641737211091,-21.25,-0.014827064712143413,0,0,0.0,0.0
2012-11-09,1379.849976,-34.349975000000086,-0.02428933403350124,2.2600099999999657,0.001600641737211091,1,1,0.001600641737211091,0.001600641737211091
2012-11-16,1359.880005,-19.969970999999987,-0.014472566835048441,-34.349975000000086,-0.02428933403350124,0,0,0.0,0.0
2012-11-23,1409.150024,49.27001900000005,0.036231151880198466,-19.969970999999987,-0.014472566835048441,0,0,0.0,0.0
2012-11-30,1416.180054,7.030029999999897,0.004988844253818,49.27001900000005,0.036231151880198466,1,1,0.036231151880198466,0.036231151880198466
2012-12-07,1418.069946,1.8898920000001453,0.0013344998008283948,7.030029999999897,0.004988844253818,1,1,0.004988844253818,0.004988844253818
2012-12-14,1413.579956,-4.489990000000034,-0.003166268358387474,1.8898920000001453,0.0013344998008283948,1,1,0.0013344998008283948,0.0013344998008283948
2012-12-21,1430.150024,16.570067999999992,0.011722059250817499,-4.489990000000034,-0.003166268358387474,1,1,-0.003166268358387474,-0.003166268358387474
2012-12-28,1402.430054,-27.719970000000103,-0.019382560944529344,16.570067999999992,0.011722059250817499,1,1,0.011722059250817499,0.011722059250817499
2013-01-04,1466.469971,64.03991700000006,0.04566353724190801,-27.719970000000103,-0.019382560944529344,1,1,-0.019382560944529344,-0.019382560944529344
2013-01-11,1472.050049,5.580077999999958,0.0038051089421182274,64.03991700000006,0.04566353724190801,1,1,0.04566353724190801,0.04566353724190801
2013-01-18,1485.97998,13.929931000000124,0.009462946595778501,5.580077999999958,0.0038051089421182274,1,1,0.0038051089421182274,0.0038051089421182274
2013-01-25,1502.959961,16.979980999999952,0.011426789881785589,13.929931000000124,0.009462946595778501,1,1,0.009462946595778501,0.009462946595778501
2013-02-01,1513.170044,10.21008299999994,0.006793316698341467,16.979980999999952,0.011426789881785589,1,1,0.011426789881785589,0.011426789881785589
2013-02-08,1517.930054,4.760009999999966,0.003145720481894476,10.21008299999994,0.006793316698341467,1,1,0.006793316698341467,0.006793316698341467
2013-02-15,1519.790039,1.8599850000000515,0.001225343022294525,4.760009999999966,0.003145720481894476,1,1,0.003145720481894476,0.003145720481894476
2013-02-22,1515.599976,-4.190063000000009,-0.0027570012254831008,1.8599850000000515,0.001225343022294525,1,1,0.001225343022294525,0.001225343022294525
2013-03-01,1518.199951,2.599975000000086,0.0017154757463522722,-4.190063000000009,-0.0027570012254831008,1,1,-0.0027570012254831008,-0.0027570012254831008
2013-03-08,1551.180054,32.98010299999987,0.02172316168122434,2.599975000000086,0.0017154757463522722,1,1,0.0017154757463522722,0.0017154757463522722
2013-03-15,1560.699951,9.519897000000128,0.006137196630043909,32.98010299999987,0.02172316168122434,1,1,0.02172316168122434,0.02172316168122434
2013-03-22,1556.890015,-3.809936000000107,-0.0024411713459457315,9.519897000000128,0.006137196630043909,1,1,0.006137196630043909,0.006137196630043909
2013-03-29,1569.189941,12.299926000000141,0.007900317865421048,-3.809936000000107,-0.0024411713459457315,1,1,-0.0024411713459457315,-0.0024411713459457315
2013-04-05,1553.280029,-15.909912000000077,-0.010138933206429519,12.299926000000141,0.007900317865421048,1,1,0.007900317865421048,0.007900317865421048
2013-04-12,1588.849976,35.56994699999996,0.022899893345631857,-15.909912000000077,-0.010138933206429519,0,0,0.0,0.0
2013-04-19,1555.25,-33.59997599999997,-0.021147355954014863,35.56994699999996,0.022899893345631857,0,0,0.0,0.0
2013-04-26,1582.23999,26.989990000000034,0.01735411670149496,-33.59997599999997,-0.021147355954014863,1,1,-0.021147355954014863,-0.021147355954014863
2013-05-03,1614.420044,32.18005399999993,0.02033828888372359,26.989990000000034,0.01735411670149496,1,1,0.01735411670149496,0.01735411670149496
2013-05-10,1633.699951,19.279907000000094,0.011942311464512575,32.18005399999993,0.02033828888372359,1,1,0.02033828888372359,0.02033828888372359
2013-05-17,1667.469971,33.77001999999993,0.02067088266687469,19.279907000000094,0.011942311464512575,1,1,0.011942311464512575,0.011942311464512575
2013-05-24,1649.599976,-17.869995000000017,-0.010716831673606203,33.77001999999993,0.02067088266687469,1,1,0.02067088266687469,0.02067088266687469
2013-05-31,1630.73999,-18.859985999999935,-0.011433066364205583,-17.869995000000017,-0.010716831673606203,1,1,-0.010716831673606203,-0.010716831673606203
2013-06-07,1643.380005,12.640014999999948,0.007751091576530204,-18.859985999999935,-0.011433066364205583,1,1,-0.011433066364205583,-0.011433066364205583
2013-06-14,1626.72998,-16.650024999999914,-0.010131573311919367,12.640014999999948,0.007751091576530204,1,1,0.007751091576530204,0.007751091576530204
2013-06-21,1592.430054,-34.29992600000014,-0.02108519940107094,-16.650024999999914,-0.010131573311919367,1,1,-0.010131573311919367,-0.010131573311919367
2013-06-28,1606.280029,13.849975000000086,0.008697383577514473,-34.29992600000014,-0.02108519940107094,1,1,-0.02108519940107094,-0.02108519940107094
2013-07-05,1631.890015,25.609985999999935,0.01594366208732832,13.849975000000086,0.008697383577514473,1,1,0.008697383577514473,0.008697383577514473
2013-07-12,1680.189941,48.29992600000014,0.029597537552186165,25.609985999999935,0.01594366208732832,1,1,0.01594366208732832,0.01594366208732832
2013-07-19,1692.089966,11.900024999999914,0.007082547460626604,48.29992600000014,0.029597537552186165,1,1,0.029597537552186165,0.029597537552186165
2013-07-26,1691.6500239999998,-0.439942000000201,-0.0002599991778452524,11.900024999999914,0.007082547460626604,1,1,0.007082547460626604,0.007082547460626604
2013-08-02,1709.6700440000004,18.020020000000613,0.010652333369399471,-0.439942000000201,-0.0002599991778452524,1,1,-0.0002599991778452524,-0.0002599991778452524
2013-08-09,1691.4200440000004,-18.25,-0.010674574350792096,18.020020000000613,0.010652333369399471,1,1,0.010652333369399471,0.010652333369399471
2013-08-16,1655.829956,-35.59008800000038,-0.021041543244240027,-18.25,-0.010674574350792096,1,1,-0.010674574350792096,-0.010674574350792096
2013-08-23,1663.5,7.670043999999962,0.004632144727305538,-35.59008800000038,-0.021041543244240027,0,0,0.0,0.0
2013-08-30,1632.969971,-30.530029000000013,-0.01835288788698528,7.670043999999962,0.004632144727305538,1,1,0.004632144727305538,0.004632144727305538
2013-09-06,1655.170044,22.200072999999975,0.01359490584288275,-30.530029000000013,-0.01835288788698528,1,1,-0.01835288788698528,-0.01835288788698528
2013-09-13,1687.9899899999998,32.819945999999845,0.019828745764806657,22.200072999999975,0.01359490584288275,1,1,0.01359490584288275,0.01359490584288275
2013-09-20,1709.910034,21.92004400000019,0.012985885064401473,32.819945999999845,0.019828745764806657,1,1,0.019828745764806657,0.019828745764806657
2013-09-27,1691.75,-18.160033999999996,-0.010620461684477136,21.92004400000019,0.012985885064401473,1,1,0.012985885064401473,0.012985885064401473
2013-10-04,1690.5,-1.25,-0.0007388798581350672,-18.160033999999996,-0.010620461684477136,1,1,-0.010620461684477136,-0.010620461684477136
2013-10-11,1703.199951,12.699951000000056,0.007512541259982287,-1.25,-0.0007388798581350672,1,1,-0.0007388798581350672,-0.0007388798581350672
2013-10-18,1744.5,41.300048999999944,0.024248502928708657,12.699951000000056,0.007512541259982287,1,1,0.007512541259982287,0.007512541259982287
2013-10-25,1759.77002,15.270019999999931,0.00875323588420747,41.300048999999944,0.024248502928708657,1,1,0.024248502928708657,0.024248502928708657
2013-11-01,1761.640015,1.8699950000000172,0.0010626360142219136,15.270019999999931,0.00875323588420747,1,1,0.00875323588420747,0.00875323588420747
2013-11-08,1770.609985,8.969970000000103,0.005091829161248987,1.8699950000000172,0.0010626360142219136,1,1,0.0010626360142219136,0.0010626360142219136
2013-11-15,1798.180054,27.570068999999876,0.015570944043896756,8.969970000000103,0.005091829161248987,1,1,0.005091829161248987,0.005091829161248987
2013-11-22,1804.76001,6.579956000000038,0.0036592308903455554,27.570068999999876,0.015570944043896756,1,1,0.015570944043896756,0.015570944043896756
2013-11-29,1805.810059,1.0500489999999445,0.0005818219564827041,6.579956000000038,0.0036592308903455554,1,1,0.0036592308903455554,0.0036592308903455554
2013-12-06,1805.089966,-0.7200929999999062,-0.00039876453030651004,1.0500489999999445,0.0005818219564827041,1,1,0.0005818219564827041,0.0005818219564827041
2013-12-13,1775.319946,-29.77001999999993,-0.0164922638542881,-0.7200929999999062,-0.00039876453030651004,1,1,-0.00039876453030651004,-0.00039876453030651004
2013-12-20,1818.319946,43.0,0.02422098624920198,-29.77001999999993,-0.0164922638542881,1,1,-0.0164922638542881,-0.0164922638542881
2013-12-27,1841.400024,23.080077999999958,0.012693078603010582,43.0,0.02422098624920198,1,1,0.02422098624920198,0.02422098624920198
2014-01-03,1831.369995,-10.030029000000013,-0.005446958221610196,23.080077999999958,0.012693078603010582,1,1,0.012693078603010582,0.012693078603010582
2014-01-10,1842.369995,11.0,0.00600643235939879,-10.030029000000013,-0.005446958221610196,1,1,-0.005446958221610196,-0.005446958221610196
2014-01-17,1838.699951,-3.6700439999999617,-0.0019920233231978802,11.0,0.00600643235939879,1,1,0.00600643235939879,0.00600643235939879
2014-01-24,1790.290039,-48.40991200000008,-0.026328337026207967,-3.6700439999999617,-0.0019920233231978802,1,1,-0.0019920233231978802,-0.0019920233231978802
2014-01-31,1782.589966,-7.700072999999975,-0.004301019852794911,-48.40991200000008,-0.026328337026207967,1,1,-0.026328337026207967,-0.026328337026207967
2014-02-07,1797.02002,14.430053999999927,0.008094993394571776,-7.700072999999975,-0.004301019852794911,1,1,-0.004301019852794911,-0.004301019852794911
2014-02-14,1838.630005,41.60998500000005,0.023154992452449168,14.430053999999927,0.008094993394571776,1,1,0.008094993394571776,0.008094993394571776
2014-02-21,1836.25,-2.380004999999983,-0.0012944447732973785,41.60998500000005,0.023154992452449168,1,1,0.023154992452449168,0.023154992452449168
2014-02-28,1859.449951,23.199951000000056,0.012634418515997307,-2.380004999999983,-0.0012944447732973785,1,1,-0.0012944447732973785,-0.0012944447732973785
2014-03-07,1878.040039,18.590087999999923,0.009997627518827433,23.199951000000056,0.012634418515997307,1,1,0.012634418515997307,0.012634418515997307
2014-03-14,1841.130005,-36.910033999999996,-0.019653486205572848,18.590087999999923,0.009997627518827433,1,1,0.009997627518827433,0.009997627518827433
2014-03-21,1866.52002,25.39001499999995,0.013790452021882045,-36.910033999999996,-0.019653486205572848,1,1,-0.019653486205572848,-0.019653486205572848
2014-03-28,1857.619995,-8.900024999999914,-0.004768245132457735,25.39001499999995,0.013790452021882045,1,1,0.013790452021882045,0.013790452021882045
2014-04-04,1865.089966,7.469970999999987,0.004021258933531229,-8.900024999999914,-0.004768245132457735,1,1,-0.004768245132457735,-0.004768245132457735
2014-04-11,1815.689941,-49.400024999999914,-0.02648667136735854,7.469970999999987,0.004021258933531229,1,1,0.004021258933531229,0.004021258933531229
2014-04-18,1864.849976,49.16003499999988,0.027075126589578807,-49.400024999999914,-0.02648667136735854,1,1,-0.02648667136735854,-0.02648667136735854
2014-04-25,1863.400024,-1.4499519999999393,-0.0007775167003567794,49.16003499999988,0.027075126589578807,1,1,0.027075126589578807,0.027075126589578807
2014-05-02,1881.140015,17.739990999999918,0.009520226881783016,-1.4499519999999393,-0.0007775167003567794,1,1,-0.0007775167003567794,-0.0007775167003567794
2014-05-09,1878.47998,-2.66003499999988,-0.0014140547640202528,17.739990999999918,0.009520226881783016,1,1,0.009520226881783016,0.009520226881783016
2014-05-16,1877.859985,-0.6199950000000172,-0.0003300514280700597,-2.66003499999988,-0.0014140547640202528,1,1,-0.0014140547640202528,-0.0014140547640202528
2014-05-23,1900.530029,22.67004399999996,0.012072275984942487,-0.6199950000000172,-0.0003300514280700597,1,1,-0.0003300514280700597,-0.0003300514280700597
2014-05-30,1923.569946,23.03991700000006,0.0121228902718906,22.67004399999996,0.012072275984942487,1,1,0.012072275984942487,0.012072275984942487
2014-06-06,1949.439941,25.869995000000017,0.01344894946700317,23.03991700000006,0.0121228902718906,1,1,0.0121228902718906,0.0121228902718906
2014-06-13,1936.160034,-13.279907000000094,-0.006812165238180115,25.869995000000017,0.01344894946700317,1,1,0.01344894946700317,0.01344894946700317
2014-06-20,1962.869995,26.70996100000002,0.013795327106726148,-13.279907000000094,-0.006812165238180115,1,1,-0.006812165238180115,-0.006812165238180115
2014-06-27,1960.959961,-1.910033999999996,-0.0009730822748655832,26.70996100000002,0.013795327106726148,1,1,0.013795327106726148,0.013795327106726148
2014-07-04,1985.439941,24.47998000000007,0.012483671511332846,-1.910033999999996,-0.0009730822748655832,1,1,-0.0009730822748655832,-0.0009730822748655832
2014-07-11,1967.569946,-17.869995000000017,-0.009000521562490324,24.47998000000007,0.012483671511332846,1,1,0.012483671511332846,0.012483671511332846
2014-07-18,1978.219971,10.650024999999914,0.005412780888247982,-17.869995000000017,-0.009000521562490324,1,1,-0.009000521562490324,-0.009000521562490324
2014-07-25,1978.339966,0.11999500000001717,6.0658067231703814e-05,10.650024999999914,0.005412780888247982,1,1,0.005412780888247982,0.005412780888247982
2014-08-01,1925.150024,-53.189941999999974,-0.02688614844472084,0.11999500000001717,6.0658067231703814e-05,1,1,6.0658067231703814e-05,6.0658067231703814e-05
2014-08-08,1931.589966,6.439941999999974,0.003345163711771054,-53.189941999999974,-0.02688614844472084,1,1,-0.02688614844472084,-0.02688614844472084
2014-08-15,1955.060059,23.470092999999906,0.012150660032989582,6.439941999999974,0.003345163711771054,1,1,0.003345163711771054,0.003345163711771054
2014-08-22,1988.400024,33.33996500000012,0.017053166651592937,23.470092999999906,0.012150660032989582,1,1,0.012150660032989582,0.012150660032989582
2014-08-29,2003.369995,14.969970999999987,0.007528651588871629,33.33996500000012,0.017053166651592937,1,1,0.017053166651592937,0.017053166651592937
2014-09-05,2007.709961,4.339966000000004,0.0021663327347577668,14.969970999999987,0.007528651588871629,1,1,0.007528651588871629,0.007528651588871629
2014-09-12,1985.540039,-22.169922000000042,-0.011042392791116925,4.339966000000004,0.0021663327347577668,1,1,0.0021663327347577668,0.0021663327347577668
2014-09-19,2010.400024,24.85998500000005,0.012520515583518813,-22.169922000000042,-0.011042392791116925,1,1,-0.011042392791116925,-0.011042392791116925
2014-09-26,1982.849976,-27.55004800000006,-0.013703764261395602,24.85998500000005,0.012520515583518813,1,1,0.012520515583518813,0.012520515583518813
2014-10-03,1967.900024,-14.94995199999994,-0.007539628404040155,-27.55004800000006,-0.013703764261395602,1,1,-0.013703764261395602,-0.013703764261395602
2014-10-10,1906.130005,-61.77001900000005,-0.03138879935294927,-14.94995199999994,-0.007539628404040155,1,1,-0.007539628404040155,-0.007539628404040155
2014-10-17,1886.76001,-19.369995000000017,-0.010161948528794087,-61.77001900000005,-0.03138879935294927,1,1,-0.03138879935294927,-0.03138879935294927
2014-10-24,1964.579956,77.81994600000007,0.04124528058022603,-19.369995000000017,-0.010161948528794087,1,1,-0.010161948528794087,-0.010161948528794087
2014-10-31,2018.050049,53.470092999999906,0.027217061253576133,77.81994600000007,0.04124528058022603,1,1,0.04124528058022603,0.04124528058022603
2014-11-07,2031.920044,13.869995000000017,0.0068729687882978854,53.470092999999906,0.027217061253576133,1,1,0.027217061253576133,0.027217061253576133
2014-11-14,2039.819946,7.899902000000111,0.003887900029987652,13.869995000000017,0.0068729687882978854,1,1,0.0068729687882978854,0.0068729687882978854
2014-11-21,2063.5,23.680053999999927,0.011608894229334065,7.899902000000111,0.003887900029987652,1,1,0.003887900029987652,0.003887900029987652
2014-11-28,2067.560059,4.06005899999991,0.0019675594863096243,23.680053999999927,0.011608894229334065,1,1,0.011608894229334065,0.011608894229334065
2014-12-05,2075.3701170000004,7.810058000000481,0.0037774273912884104,4.06005899999991,0.0019675594863096243,1,1,0.0019675594863096243,0.0019675594863096243
2014-12-12,2002.329956,-73.04016100000035,-0.035193800084961105,7.810058000000481,0.0037774273912884104,1,1,0.0037774273912884104,0.0037774273912884104
2014-12-19,2070.649902,68.31994600000007,0.03412022369004605,-73.04016100000035,-0.035193800084961105,1,1,-0.035193800084961105,-0.035193800084961105
2014-12-26,2088.77002,18.12011799999982,0.008750932730104665,68.31994600000007,0.03412022369004605,1,1,0.03412022369004605,0.03412022369004605
2015-01-02,2058.199951,-30.570068999999876,-0.014635440334403055,18.12011799999982,0.008750932730104665,1,1,0.008750932730104665,0.008750932730104665
2015-01-09,2044.810059,-13.389892000000145,-0.006505632260604473,-30.570068999999876,-0.014635440334403055,1,1,-0.014635440334403055,-0.014635440334403055
2015-01-16,2019.420044,-25.39001499999995,-0.012416808538401243,-13.389892000000145,-0.006505632260604473,1,1,-0.006505632260604473,-0.006505632260604473
2015-01-23,2051.820068,32.40002400000003,0.016044222248989437,-25.39001499999995,-0.012416808538401243,1,1,-0.012416808538401243,-0.012416808538401243
2015-01-30,1994.98999,-56.83007799999996,-0.027697398464084016,32.40002400000003,0.016044222248989437,1,1,0.016044222248989437,0.016044222248989437
2015-02-06,2055.469971,60.47998099999995,0.030315932061393425,-56.83007799999996,-0.027697398464084016,1,1,-0.027697398464084016,-0.027697398464084016
2015-02-13,2096.98999,41.52001900000005,0.020199769194292963,60.47998099999995,0.030315932061393425,1,1,0.030315932061393425,0.030315932061393425
2015-02-20,2110.300049,13.31005899999991,0.006347221047058937,41.52001900000005,0.020199769194292963,1,1,0.020199769194292963,0.020199769194292963
2015-02-27,2104.5,-5.8000489999999445,-0.002748447550265846,13.31005899999991,0.006347221047058937,1,1,0.006347221047058937,0.006347221047058937
2015-03-06,2071.26001,-33.239990000000034,-0.015794720836303178,-5.8000489999999445,-0.002748447550265846,1,1,-0.002748447550265846,-0.002748447550265846
2015-03-13,2053.399902,-17.860107999999855,-0.008622822781191945,-33.239990000000034,-0.015794720836303178,1,1,-0.015794720836303178,-0.015794720836303178
2015-03-20,2108.100098,54.70019599999978,0.02663884221808041,-17.860107999999855,-0.008622822781191945,1,1,-0.008622822781191945,-0.008622822781191945
2015-03-27,2061.02002,-47.08007799999996,-0.022332942370557187,54.70019599999978,0.02663884221808041,1,1,0.02663884221808041,0.02663884221808041
2015-04-03,2066.959961,5.93994100000009,0.0028820394476323863,-47.08007799999996,-0.022332942370557187,1,1,-0.022332942370557187,-0.022332942370557187
2015-04-10,2102.060059,35.10009799999989,0.0169815084289385,5.93994100000009,0.0028820394476323863,1,1,0.0028820394476323863,0.0028820394476323863
2015-04-17,2081.179932,-20.880126999999902,-0.00993317336990508,35.10009799999989,0.0169815084289385,1,1,0.0169815084289385,0.0169815084289385
2015-04-24,2117.689941,36.51000900000008,0.017542937272566436,-20.880126999999902,-0.00993317336990508,1,1,-0.00993317336990508,-0.00993317336990508
2015-05-01,2108.290039,-9.399902000000111,-0.004438752726738343,36.51000900000008,0.017542937272566436,1,1,0.017542937272566436,0.017542937272566436
2015-05-08,2116.100098,7.81005899999991,0.0037044518806835336,-9.399902000000111,-0.004438752726738343,1,1,-0.004438752726738343,-0.004438752726738343
2015-05-15,2122.72998,6.62988200000018,0.0031330663451442173,7.81005899999991,0.0037044518806835336,1,1,0.0037044518806835336,0.0037044518806835336
2015-05-22,2126.060059,3.3300789999998415,0.001568771832204415,6.62988200000018,0.0031330663451442173,1,1,0.0031330663451442173,0.0031330663451442173
2015-05-29,2107.389893,-18.67016599999988,-0.008781579768156437,3.3300789999998415,0.001568771832204415,1,1,0.001568771832204415,0.001568771832204415
2015-06-05,2092.830078,-14.559815000000071,-0.00690893272685923,-18.67016599999988,-0.008781579768156437,1,1,-0.008781579768156437,-0.008781579768156437
2015-06-12,2094.110107,1.2800290000000132,0.0006116258617724306,-14.559815000000071,-0.00690893272685923,1,1,-0.00690893272685923,-0.00690893272685923
2015-06-19,2109.98999,15.879883000000063,0.0075831175003254325,1.2800290000000132,0.0006116258617724306,1,1,0.0006116258617724306,0.0006116258617724306
2015-06-26,2101.48999,-8.5,-0.004028455130253959,15.879883000000063,0.0075831175003254325,1,1,0.0075831175003254325,0.0075831175003254325
2015-07-03,2076.780029,-24.70996100000002,-0.01175830535362199,-8.5,-0.004028455130253959,1,1,-0.004028455130253959,-0.004028455130253959
2015-07-10,2076.6201170000004,-0.1599119999996219,-7.699997003371699e-05,-24.70996100000002,-0.01175830535362199,1,1,-0.01175830535362199,-0.01175830535362199
2015-07-17,2126.639893,50.01977599999964,0.02408710942869077,-0.1599119999996219,-7.699997003371699e-05,1,1,-7.699997003371699e-05,-7.699997003371699e-05
2015-07-24,2079.649902,-46.98999099999992,-0.02209588522940396,50.01977599999964,0.02408710942869077,1,1,0.02408710942869077,0.02408710942869077
2015-07-31,2103.840088,24.190185999999812,0.011631854946708146,-46.98999099999992,-0.02209588522940396,0,0,0.0,0.0
2015-08-07,2077.570068,-26.27001999999993,-0.012486699987247288,24.190185999999812,0.011631854946708146,1,1,0.011631854946708146,0.011631854946708146
2015-08-14,2091.540039,13.969970999999987,0.0067241876532464495,-26.27001999999993,-0.012486699987247288,1,1,-0.012486699987247288,-0.012486699987247288
2015-08-21,1970.890015,-120.65002400000003,-0.05768477856043569,13.969970999999987,0.0067241876532464495,1,1,0.0067241876532464495,0.0067241876532464495
2015-08-28,1988.869995,17.97998000000007,0.009122771876237888,-120.65002400000003,-0.05768477856043569,1,1,-0.05768477856043569,-0.05768477856043569
2015-09-04,1921.219971,-67.65002400000003,-0.03401430167385075,17.97998000000007,0.009122771876237888,1,1,0.009122771876237888,0.009122771876237888
2015-09-11,1961.050049,39.83007799999996,0.020731659362914233,-67.65002400000003,-0.03401430167385075,1,1,-0.03401430167385075,-0.03401430167385075
2015-09-18,1958.030029,-3.0200199999999313,-0.0015400014913132549,39.83007799999996,0.020731659362914233,1,1,0.020731659362914233,0.020731659362914233
2015-09-25,1931.339966,-26.69006300000001,-0.013631079505778106,-3.0200199999999313,-0.0015400014913132549,1,1,-0.0015400014913132549,-0.0015400014913132549
2015-10-02,1951.359985,20.020019000000048,0.01036586999308233,-26.69006300000001,-0.013631079505778106,1,1,-0.013631079505778106,-0.013631079505778106
2015-10-09,2014.890015,63.5300299999999,0.03255679653592973,20.020019000000048,0.01036586999308233,1,1,0.01036586999308233,0.01036586999308233
2015-10-16,2033.109985,18.219970000000103,0.009042662311272659,63.5300299999999,0.03255679653592973,1,1,0.03255679653592973,0.03255679653592973
2015-10-23,2075.149902,42.03991700000006,0.020677640319591493,18.219970000000103,0.009042662311272659,1,1,0.009042662311272659,0.009042662311272659
2015-10-30,2079.360107,4.21020499999986,0.0020288678885039216,42.03991700000006,0.020677640319591493,1,1,0.020677640319591493,0.020677640319591493
2015-11-06,2099.199951,19.839844000000085,0.009541321838969033,4.21020499999986,0.0020288678885039216,1,1,0.0020288678885039216,0.0020288678885039216
2015-11-13,2023.040039,-76.15991200000008,-0.03628044673101275,19.839844000000085,0.009541321838969033,1,1,0.009541321838969033,0.009541321838969033
2015-11-20,2089.169922,66.12988300000006,0.032688370830608195,-76.15991200000008,-0.03628044673101275,1,1,-0.03628044673101275,-0.03628044673101275
2015-11-27,2090.110107,0.9401849999999286,0.0004500280183527975,66.12988300000006,0.032688370830608195,1,1,0.032688370830608195,0.032688370830608195
2015-12-04,2091.689941,1.579834000000119,0.0007558616145192963,0.9401849999999286,0.0004500280183527975,1,1,0.0004500280183527975,0.0004500280183527975
2015-12-11,2012.369995,-79.31994600000007,-0.03792146457523174,1.579834000000119,0.0007558616145192963,1,1,0.0007558616145192963,0.0007558616145192963
2015-12-18,2005.550049,-6.819946000000073,-0.00338901196944157,-79.31994600000007,-0.03792146457523174,1,1,-0.03792146457523174,-0.03792146457523174
2015-12-25,2060.98999,55.43994100000009,0.027643259776859396,-6.819946000000073,-0.00338901196944157,1,1,-0.00338901196944157,-0.00338901196944157
2016-01-01,2043.939941,-17.050048999999944,-0.008272747118000289,55.43994100000009,0.027643259776859396,1,1,0.027643259776859396,0.027643259776859396
2016-01-08,1922.030029,-121.90991200000008,-0.0596445666306396,-17.050048999999944,-0.008272747118000289,1,1,-0.008272747118000289,-0.008272747118000289
2016-01-15,1880.329956,-41.700072999999975,-0.021695848852942127,-121.90991200000008,-0.0596445666306396,0,0,0.0,0.0
2016-01-22,1906.900024,26.570067999999992,0.014130534864488427,-41.700072999999975,-0.021695848852942127,0,0,0.0,0.0
2016-01-29,1940.23999,33.339966000000004,0.017483856301005532,26.570067999999992,0.014130534864488427,1,1,0.014130534864488427,0.014130534864488427
2016-02-05,1880.050049,-60.18994100000009,-0.03102190518194612,33.339966000000004,0.017483856301005532,1,1,0.017483856301005532,0.017483856301005532
2016-02-12,1864.780029,-15.270019999999931,-0.008122134837911398,-60.18994100000009,-0.03102190518194612,0,0,0.0,0.0
2016-02-19,1917.780029,53.0,0.028421582801067203,-15.270019999999931,-0.008122134837911398,1,1,-0.008122134837911398,-0.008122134837911398
2016-02-26,1948.050049,30.27001999999993,0.015783885295637276,53.0,0.028421582801067203,1,1,0.028421582801067203,0.028421582801067203
2016-03-04,1999.98999,51.93994100000009,0.026662529038544273,30.27001999999993,0.015783885295637276,1,1,0.015783885295637276,0.015783885295637276
2016-03-11,2022.189941,22.199951000000056,0.011100031055655461,51.93994100000009,0.026662529038544273,1,1,0.026662529038544273,0.026662529038544273
2016-03-18,2049.580078,27.390136999999868,0.013544789460506898,22.199951000000056,0.011100031055655461,1,1,0.011100031055655461,0.011100031055655461
2016-03-25,2035.939941,-13.640136999999868,-0.006655088594201231,27.390136999999868,0.013544789460506898,1,1,0.013544789460506898,0.013544789460506898
2016-04-01,2072.780029,36.84008799999992,0.018094879548315675,-13.640136999999868,-0.006655088594201231,1,1,-0.006655088594201231,-0.006655088594201231
2016-04-08,2047.599976,-25.180053000000044,-0.012147961987142459,36.84008799999992,0.018094879548315675,1,1,0.018094879548315675,0.018094879548315675
2016-04-15,2080.72998,33.1300040000001,0.016179920095877213,-25.180053000000044,-0.012147961987142459,1,1,-0.012147961987142459,-0.012147961987142459
2016-04-22,2091.580078,10.850097999999889,0.005214563208244776,33.1300040000001,0.016179920095877213,1,1,0.016179920095877213,0.016179920095877213
2016-04-29,2065.300049,-26.280029000000013,-0.012564677430437838,10.850097999999889,0.005214563208244776,1,1,0.005214563208244776,0.005214563208244776
2016-05-06,2057.139893,-8.160155999999915,-0.003951075294822653,-26.280029000000013,-0.012564677430437838,1,1,-0.012564677430437838,-0.012564677430437838
2016-05-13,2046.609985,-10.529907999999978,-0.005118712653345047,-8.160155999999915,-0.003951075294822653,1,1,-0.003951075294822653,-0.003951075294822653
2016-05-20,2052.320068,5.7100829999999405,0.0027900201024378076,-10.529907999999978,-0.005118712653345047,1,1,-0.005118712653345047,-0.005118712653345047
2016-05-27,2099.060059,46.73999099999992,0.022774221101657093,5.7100829999999405,0.0027900201024378076,1,1,0.0027900201024378076,0.0027900201024378076
2016-06-03,2099.129883,0.06982400000015332,3.326441265973959e-05,46.73999099999992,0.022774221101657093,1,1,0.022774221101657093,0.022774221101657093
2016-06-10,2096.070068,-3.0598150000000714,-0.0014576587303054803,0.06982400000015332,3.326441265973959e-05,1,1,3.326441265973959e-05,3.326441265973959e-05
2016-06-17,2071.219971,-24.850097000000005,-0.011855565984829475,-3.0598150000000714,-0.0014576587303054803,1,1,-0.0014576587303054803,-0.0014576587303054803
2016-06-24,2037.410034,-33.80993699999999,-0.016323682406208313,-24.850097000000005,-0.011855565984829475,1,1,-0.011855565984829475,-0.011855565984829475
2016-07-01,2102.949951,65.53991700000006,0.03216825082152318,-33.80993699999999,-0.016323682406208313,1,1,-0.016323682406208313,-0.016323682406208313
2016-07-08,2129.899902,26.949951000000056,0.012815307842768558,65.53991700000006,0.03216825082152318,1,1,0.03216825082152318,0.03216825082152318
2016-07-15,2161.73999,31.840087999999923,0.014949100645575747,26.949951000000056,0.012815307842768558,1,1,0.012815307842768558,0.012815307842768558
2016-07-22,2175.030029,13.290038999999979,0.006147843432363935,31.840087999999923,0.014949100645575747,1,1,0.014949100645575747,0.014949100645575747
2016-07-29,2173.600098,-1.4299310000001242,-0.0006574304634578101,13.290038999999979,0.006147843432363935,1,1,0.006147843432363935,0.006147843432363935
2016-08-05,2182.8701170000004,9.270019000000502,0.004264822682208263,-1.4299310000001242,-0.0006574304634578101,1,1,-0.0006574304634578101,-0.0006574304634578101
2016-08-12,2184.050049,1.1799319999995532,0.0005405415516069172,9.270019000000502,0.004264822682208263,1,1,0.004264822682208263,0.004264822682208263
2016-08-19,2183.8701170000004,-0.17993199999955323,-8.238455894448838e-05,1.1799319999995532,0.0005405415516069172,1,1,0.0005405415516069172,0.0005405415516069172
2016-08-26,2169.040039,-14.830078000000412,-0.0067907326010635686,-0.17993199999955323,-8.238455894448838e-05,1,1,-8.238455894448838e-05,-8.238455894448838e-05
2016-09-02,2179.97998,10.93994100000009,0.005043678679644737,-14.830078000000412,-0.0067907326010635686,1,1,-0.0067907326010635686,-0.0067907326010635686
2016-09-09,2127.810059,-52.16992100000016,-0.02393137619548238,10.93994100000009,0.005043678679644737,1,1,0.005043678679644737,0.005043678679644737
2016-09-16,2139.159912,11.349853000000167,0.005334053644494105,-52.16992100000016,-0.02393137619548238,1,1,-0.02393137619548238,-0.02393137619548238
2016-09-23,2164.689941,25.530029000000013,0.011934605195611955,11.349853000000167,0.005334053644494105,1,1,0.005334053644494105,0.005334053644494105
2016-09-30,2168.27002,3.5800789999998415,0.001653853021715428,25.530029000000013,0.011934605195611955,1,1,0.011934605195611955,0.011934605195611955
2016-10-07,2153.73999,-14.530029999999897,-0.006701208735985704,3.5800789999998415,0.001653853021715428,1,1,0.001653853021715428,0.001653853021715428
2016-10-14,2132.97998,-20.760009999999966,-0.009639051183703918,-14.530029999999897,-0.006701208735985704,1,1,-0.006701208735985704,-0.006701208735985704
2016-10-21,2141.159912,8.179932000000008,0.0038349783292387055,-20.760009999999966,-0.009639051183703918,1,1,-0.009639051183703918,-0.009639051183703918
2016-10-28,2126.409912,-14.75,-0.006888789537546694,8.179932000000008,0.0038349783292387055,1,1,0.0038349783292387055,0.0038349783292387055
2016-11-04,2085.179932,-41.22998000000007,-0.019389478842873297,-14.75,-0.006888789537546694,1,1,-0.006888789537546694,-0.006888789537546694
2016-11-11,2164.449951,79.27001900000005,0.03801591305550702,-41.22998000000007,-0.019389478842873297,1,1,-0.019389478842873297,-0.019389478842873297
2016-11-18,2181.899902,17.449951000000056,0.008062071840440563,79.27001900000005,0.03801591305550702,1,1,0.03801591305550702,0.03801591305550702
2016-11-25,2213.350098,31.450195999999778,0.01441413328410323,17.449951000000056,0.008062071840440563,1,1,0.008062071840440563,0.008062071840440563
2016-12-02,2191.949951,-21.400146999999833,-0.009668667880123064,31.450195999999778,0.01441413328410323,1,1,0.01441413328410323,0.01441413328410323
2016-12-09,2259.530029,67.58007799999996,0.03083103150652182,-21.400146999999833,-0.009668667880123064,1,1,-0.009668667880123064,-0.009668667880123064
2016-12-16,2258.070068,-1.4599610000000212,-0.0006461348073546763,67.58007799999996,0.03083103150652182,1,1,0.03083103150652182,0.03083103150652182
2016-12-23,2263.790039,5.719970999999987,0.002533123786130443,-1.4599610000000212,-0.0006461348073546763,1,1,-0.0006461348073546763,-0.0006461348073546763
2016-12-30,2238.830078,-24.95996100000002,-0.011025740271843302,5.719970999999987,0.002533123786130443,1,1,0.002533123786130443,0.002533123786130443
2017-01-06,2276.97998,38.14990200000011,0.01704010606918428,-24.95996100000002,-0.011025740271843302,1,1,-0.011025740271843302,-0.011025740271843302
2017-01-13,2274.639893,-2.3400870000000396,-0.0010277152283087,38.14990200000011,0.01704010606918428,1,1,0.01704010606918428,0.01704010606918428
2017-01-20,2271.310059,-3.329834000000119,-0.0014638950148757103,-2.3400870000000396,-0.0010277152283087,1,1,-0.0010277152283087,-0.0010277152283087
2017-01-27,2294.689941,23.37988200000018,0.010293566881086128,-3.329834000000119,-0.0014638950148757103,1,1,-0.0014638950148757103,-0.0014638950148757103
2017-02-03,2297.419922,2.7299809999999525,0.0011896949349114493,23.37988200000018,0.010293566881086128,1,1,0.010293566881086128,0.010293566881086128
2017-02-10,2316.100098,18.680175999999847,0.008130936717802104,2.7299809999999525,0.0011896949349114493,1,1,0.0011896949349114493,0.0011896949349114493
2017-02-17,2351.159912,35.05981400000019,0.015137434703394322,18.680175999999847,0.008130936717802104,1,1,0.008130936717802104,0.008130936717802104
2017-02-24,2367.340088,16.180175999999847,0.0068817845682968785,35.05981400000019,0.015137434703394322,1,1,0.015137434703394322,0.015137434703394322
2017-03-03,2383.1201170000004,15.780029000000468,0.00666572119485034,16.180175999999847,0.0068817845682968785,1,1,0.0068817845682968785,0.0068817845682968785
2017-03-10,2372.600098,-10.520019000000502,-0.004414388903419467,15.780029000000468,0.00666572119485034,0,0,0.0,0.0
2017-03-17,2378.25,5.649902000000111,0.002381312385834737,-10.520019000000502,-0.004414388903419467,1,1,-0.004414388903419467,-0.004414388903419467
2017-03-24,2343.97998,-34.27001999999993,-0.014409763481551532,5.649902000000111,0.002381312385834737,1,1,0.002381312385834737,0.002381312385834737
2017-03-31,2362.719971,18.739990999999918,0.00799494499095505,-34.27001999999993,-0.014409763481551532,1,1,-0.014409763481551532,-0.014409763481551532
2017-04-07,2355.540039,-7.179932000000008,-0.003038841711301558,18.739990999999918,0.00799494499095505,1,1,0.00799494499095505,0.00799494499095505
2017-04-14,2328.949951,-26.590087999999923,-0.011288319264268692,-7.179932000000008,-0.003038841711301558,1,1,-0.003038841711301558,-0.003038841711301558
2017-04-21,2348.689941,19.739990000000034,0.008475918510624977,-26.590087999999923,-0.011288319264268692,1,1,-0.011288319264268692,-0.011288319264268692
2017-04-28,2384.199951,35.510009999999966,0.015119071010659199,19.739990000000034,0.008475918510624977,1,1,0.008475918510624977,0.008475918510624977
2017-05-05,2399.290039,15.090087999999923,0.006329204055922709,35.510009999999966,0.015119071010659199,1,1,0.015119071010659199,0.015119071010659199
2017-05-12,2390.899902,-8.390136999999868,-0.0034969248667813388,15.090087999999923,0.006329204055922709,1,1,0.006329204055922709,0.006329204055922709
2017-05-19,2381.72998,-9.169922000000042,-0.0038353433334157383,-8.390136999999868,-0.0034969248667813388,1,1,-0.0034969248667813388,-0.0034969248667813388
2017-05-26,2415.820068,34.09008799999992,0.014313162401390238,-9.169922000000042,-0.0038353433334157383,1,1,-0.0038353433334157383,-0.0038353433334157383
2017-06-02,2439.070068,23.25,0.009624061124406554,34.09008799999992,0.014313162401390238,1,1,0.014313162401390238,0.014313162401390238
2017-06-09,2431.77002,-7.300048000000061,-0.002992963628136353,23.25,0.009624061124406554,1,1,0.009624061124406554,0.009624061124406554
2017-06-16,2433.149902,1.3798820000001797,0.0005674393502063899,-7.300048000000061,-0.002992963628136353,1,1,-0.002992963628136353,-0.002992963628136353
2017-06-23,2438.300049,5.1501469999998335,0.0021166583266269442,1.3798820000001797,0.0005674393502063899,1,1,0.0005674393502063899,0.0005674393502063899
2017-06-30,2423.409912,-14.890136999999868,-0.006106769757933048,5.1501469999998335,0.0021166583266269442,1,1,0.0021166583266269442,0.0021166583266269442
2017-07-07,2425.179932,1.7700199999999313,0.0007303840721436858,-14.890136999999868,-0.006106769757933048,1,1,-0.006106769757933048,-0.006106769757933048
2017-07-14,2459.27002,34.09008799999992,0.014056725255798432,1.7700199999999313,0.0007303840721436858,1,1,0.0007303840721436858,0.0007303840721436858
2017-07-21,2472.540039,13.270019000000048,0.005395917850452244,34.09008799999992,0.014056725255798432,1,1,0.014056725255798432,0.014056725255798432
2017-07-28,2472.100098,-0.43994100000008984,-0.00017793078901081038,13.270019000000048,0.005395917850452244,1,1,0.005395917850452244,0.005395917850452244
2017-08-04,2476.830078,4.729980000000069,0.0019133448535626687,-0.43994100000008984,-0.00017793078901081038,1,1,-0.00017793078901081038,-0.00017793078901081038
2017-08-11,2441.320068,-35.510009999999966,-0.014336877735542408,4.729980000000069,0.0019133448535626687,1,1,0.0019133448535626687,0.0019133448535626687
2017-08-18,2425.550049,-15.770019000000048,-0.006459627808212506,-35.510009999999966,-0.014336877735542408,1,1,-0.014336877735542408,-0.014336877735542408
2017-08-25,2443.050049,17.5,0.007214858339952564,-15.770019000000048,-0.006459627808212506,1,1,-0.006459627808212506,-0.006459627808212506
2017-09-01,2476.550049,33.5,0.01371236746202247,17.5,0.007214858339952564,1,1,0.007214858339952564,0.007214858339952564
2017-09-08,2461.429932,-15.120116999999937,-0.006105314530633149,33.5,0.01371236746202247,1,1,0.01371236746202247,0.01371236746202247
2017-09-15,2500.22998,38.80004800000006,0.015763214502097823,-15.120116999999937,-0.006105314530633149,1,1,-0.006105314530633149,-0.006105314530633149
2017-09-22,2502.219971,1.9899909999999181,0.0007959231814346607,38.80004800000006,0.015763214502097823,1,1,0.015763214502097823,0.015763214502097823
2017-09-29,2519.360107,17.140135999999984,0.006849971704585993,1.9899909999999181,0.0007959231814346607,1,1,0.0007959231814346607,0.0007959231814346607
2017-10-06,2549.330078,29.969970999999987,0.011895866302212583,17.140135999999984,0.006849971704585993,1,1,0.006849971704585993,0.006849971704585993
2017-10-13,2553.169922,3.8398440000000846,0.0015062168815003032,29.969970999999987,0.011895866302212583,1,1,0.011895866302212583,0.011895866302212583
2017-10-20,2575.209961,22.04003899999998,0.008632421528268331,3.8398440000000846,0.0015062168815003032,1,1,0.0015062168815003032,0.0015062168815003032
2017-10-27,2581.070068,5.860106999999971,0.0022755841615820665,22.04003899999998,0.008632421528268331,1,1,0.008632421528268331,0.008632421528268331
2017-11-03,2587.840088,6.770019999999931,0.0026229508775969935,5.860106999999971,0.0022755841615820665,1,1,0.0022755841615820665,0.0022755841615820665
2017-11-10,2582.300049,-5.540038999999979,-0.0021407964988600097,6.770019999999931,0.0026229508775969935,1,1,0.0026229508775969935,0.0026229508775969935
2017-11-17,2578.850098,-3.4499510000000555,-0.0013359992775959768,-5.540038999999979,-0.0021407964988600097,1,1,-0.0021407964988600097,-0.0021407964988600097
2017-11-24,2602.419922,23.569824000000153,0.009139664231852593,-3.4499510000000555,-0.0013359992775959768,1,1,-0.0013359992775959768,-0.0013359992775959768
2017-12-01,2642.219971,39.800048999999944,0.015293476914906566,23.569824000000153,0.009139664231852593,1,1,0.009139664231852593,0.009139664231852593
2017-12-08,2651.5,9.280029000000013,0.0035122090900281113,39.800048999999944,0.015293476914906566,1,1,0.015293476914906566,0.015293476914906566
2017-12-15,2675.810059,24.31005899999991,0.009168417499528535,9.280029000000013,0.0035122090900281113,1,1,0.0035122090900281113,0.0035122090900281113
2017-12-22,2683.340088,7.530029000000013,0.002814111926469895,24.31005899999991,0.009168417499528535,1,1,0.009168417499528535,0.009168417499528535
2017-12-29,2673.610107,-9.729980999999952,-0.0036260707479878534,7.530029000000013,0.002814111926469895,1,1,0.002814111926469895,0.002814111926469895
2018-01-05,2743.149902,69.53979500000014,0.02600969932673887,-9.729980999999952,-0.0036260707479878534,1,1,-0.0036260707479878534,-0.0036260707479878534
2018-01-12,2786.23999,43.09008799999992,0.015708251294828408,69.53979500000014,0.02600969932673887,1,1,0.02600969932673887,0.02600969932673887
2018-01-19,2810.300049,24.06005899999991,0.008635314648541783,43.09008799999992,0.015708251294828408,1,1,0.015708251294828408,0.015708251294828408
2018-01-26,2872.8701170000004,62.57006800000045,0.022264550727337816,24.06005899999991,0.008635314648541783,1,1,0.008635314648541783,0.008635314648541783
2018-02-02,2762.129883,-110.74023400000033,-0.03854689891641917,62.57006800000045,0.022264550727337816,1,1,0.022264550727337816,0.022264550727337816
2018-02-09,2619.550049,-142.57983400000012,-0.051619525525404164,-110.74023400000033,-0.03854689891641917,1,1,-0.03854689891641917,-0.03854689891641917
2018-02-16,2732.219971,112.66992200000004,0.04301117363381212,-142.57983400000012,-0.051619525525404164,1,1,-0.051619525525404164,-0.051619525525404164
2018-02-23,2747.300049,15.080077999999958,0.005519349891319551,112.66992200000004,0.04301117363381212,1,1,0.04301117363381212,0.04301117363381212
2018-03-02,2691.25,-56.050048999999944,-0.020401866560007455,15.080077999999958,0.005519349891319551,1,1,0.005519349891319551,0.005519349891319551
2018-03-09,2786.570068,95.32006799999999,0.03541851110078959,-56.050048999999944,-0.020401866560007455,1,1,-0.020401866560007455,-0.020401866560007455
2018-03-16,2752.01001,-34.560058000000026,-0.012402364611920473,95.32006799999999,0.03541851110078959,1,1,0.03541851110078959,0.03541851110078959
2018-03-23,2588.26001,-163.75,-0.05950196380281335,-34.560058000000026,-0.012402364611920473,1,1,-0.012402364611920473,-0.012402364611920473
2018-03-30,2640.8701170000004,52.610107000000426,0.020326438146374803,-163.75,-0.05950196380281335,1,1,-0.05950196380281335,-0.05950196380281335
2018-04-06,2604.469971,-36.400146000000404,-0.013783391226127612,52.610107000000426,0.020326438146374803,1,1,0.020326438146374803,0.020326438146374803
2018-04-13,2656.300049,51.83007799999996,0.019900432171271888,-36.400146000000404,-0.013783391226127612,0,0,0.0,0.0
2018-04-20,2670.139893,13.839844000000085,0.0052101960413735195,51.83007799999996,0.019900432171271888,1,1,0.019900432171271888,0.019900432171271888
2018-04-27,2669.909912,-0.22998099999995247,-8.613069322804671e-05,13.839844000000085,0.0052101960413735195,1,1,0.0052101960413735195,0.0052101960413735195
2018-05-04,2663.419922,-6.489990000000034,-0.0024307898820220696,-0.22998099999995247,-8.613069322804671e-05,1,1,-8.613069322804671e-05,-8.613069322804671e-05
2018-05-11,2727.719971,64.30004899999994,0.024141911858839037,-6.489990000000034,-0.0024307898820220696,1,1,-0.0024307898820220696,-0.0024307898820220696
2018-05-18,2712.969971,-14.75,-0.005407446569595102,64.30004899999994,0.024141911858839037,1,1,0.024141911858839037,0.024141911858839037
2018-05-25,2721.330078,8.36010699999997,0.0030815331866421054,-14.75,-0.005407446569595102,1,1,-0.005407446569595102,-0.005407446569595102
2018-06-01,2734.6201170000004,13.290039000000434,0.004883655645980199,8.36010699999997,0.0030815331866421054,1,1,0.0030815331866421054,0.0030815331866421054
2018-06-08,2779.030029,44.40991199999962,0.01623988345727496,13.290039000000434,0.004883655645980199,1,1,0.004883655645980199,0.004883655645980199
2018-06-15,2779.659912,0.6298830000000635,0.0002266557012436167,44.40991199999962,0.01623988345727496,1,1,0.01623988345727496,0.01623988345727496
2018-06-22,2754.879883,-24.780029000000013,-0.008914770074217631,0.6298830000000635,0.0002266557012436167,1,1,0.0002266557012436167,0.0002266557012436167
2018-06-29,2718.3701170000004,-36.50976599999967,-0.013252761481651746,-24.780029000000013,-0.008914770074217631,0,0,0.0,0.0
2018-07-06,2759.820068,41.4499509999996,0.015248089559542342,-36.50976599999967,-0.013252761481651746,1,1,-0.013252761481651746,-0.013252761481651746
2018-07-13,2801.310059,41.48999099999992,0.015033585515619173,41.4499509999996,0.015248089559542342,1,1,0.015248089559542342,0.015248089559542342
2018-07-20,2801.830078,0.5200190000000475,0.00018563421722252402,41.48999099999992,0.015033585515619173,1,1,0.015033585515619173,0.015033585515619173
2018-07-27,2818.820068,16.989990000000034,0.006063890217114028,0.5200190000000475,0.00018563421722252402,1,1,0.00018563421722252402,0.00018563421722252402
2018-08-03,2840.350098,21.530029999999897,0.007637958252254041,16.989990000000034,0.006063890217114028,1,1,0.006063890217114028,0.006063890217114028
2018-08-10,2833.280029,-7.070068999999876,-0.002489154067654612,21.530029999999897,0.007637958252254041,1,1,0.007637958252254041,0.007637958252254041
2018-08-17,2850.129883,16.84985400000005,0.005947119179019932,-7.070068999999876,-0.002489154067654612,1,1,-0.002489154067654612,-0.002489154067654612
2018-08-24,2874.689941,24.560058000000026,0.008617171500320719,16.84985400000005,0.005947119179019932,1,1,0.005947119179019932,0.005947119179019932
2018-08-31,2901.52002,26.83007899999984,0.009333207946129534,24.560058000000026,0.008617171500320719,1,1,0.008617171500320719,0.008617171500320719
2018-09-07,2871.679932,-29.840087999999923,-0.010284295057181762,26.83007899999984,0.009333207946129534,1,1,0.009333207946129534,0.009333207946129534
2018-09-14,2904.97998,33.30004800000006,0.011596016543810308,-29.840087999999923,-0.010284295057181762,1,1,-0.010284295057181762,-0.010284295057181762
2018-09-21,2929.669922,24.689941999999974,0.008499178021874,33.30004800000006,0.011596016543810308,1,1,0.011596016543810308,0.011596016543810308
2018-09-28,2913.97998,-15.689941999999974,-0.005355532335632168,24.689941999999974,0.008499178021874,1,1,0.008499178021874,0.008499178021874
2018-10-05,2885.570068,-28.409912000000077,-0.009749522026572083,-15.689941999999974,-0.005355532335632168,1,1,-0.005355532335632168,-0.005355532335632168
2018-10-12,2767.129883,-118.44018499999993,-0.041045679782120585,-28.409912000000077,-0.009749522026572083,1,1,-0.009749522026572083,-0.009749522026572083
