Local time,Open,High,Low,Close,Volume
04.09.2018 00:00:00.000 GMT-0400,186.588,186.588,186.588,186.588,0
04.09.2018 01:00:00.000 GMT-0400,186.588,186.588,186.588,186.588,0
04.09.2018 02:00:00.000 GMT-0400,186.588,186.588,186.588,186.588,0
04.09.2018 03:00:00.000 GMT-0400,186.588,186.588,186.588,186.588,0
04.09.2018 04:00:00.000 GMT-0400,186.588,186.588,186.588,186.588,0
04.09.2018 05:00:00.000 GMT-0400,186.588,186.588,186.588,186.588,0
04.09.2018 06:00:00.000 GMT-0400,186.588,186.588,186.588,186.588,0
04.09.2018 07:00:00.000 GMT-0400,186.588,186.588,186.588,186.588,0
04.09.2018 08:00:00.000 GMT-0400,186.588,186.588,186.588,186.588,0
04.09.2018 09:00:00.000 GMT-0400,186.588,186.588,186.588,186.588,0
04.09.2018 10:00:00.000 GMT-0400,185.507,186.378,185.427,186.228,29.3232
04.09.2018 11:00:00.000 GMT-0400,186.228,186.298,185.378,185.397,28.3792
04.09.2018 12:00:00.000 GMT-0400,185.398,185.597,184.947,185.487,29.2442
04.09.2018 13:00:00.000 GMT-0400,185.488,185.738,185.327,185.668,22.2772
04.09.2018 14:00:00.000 GMT-0400,185.667,185.998,185.537,185.947,18.1445
04.09.2018 15:00:00.000 GMT-0400,185.957,186.038,185.577,185.857,22.0159
04.09.2018 16:00:00.000 GMT-0400,185.857,185.857,185.857,185.857,0
04.09.2018 17:00:00.000 GMT-0400,185.857,185.857,185.857,185.857,0
04.09.2018 18:00:00.000 GMT-0400,185.857,185.857,185.857,185.857,0
04.09.2018 19:00:00.000 GMT-0400,185.857,185.857,185.857,185.857,0
04.09.2018 20:00:00.000 GMT-0400,185.857,185.857,185.857,185.857,0
04.09.2018 21:00:00.000 GMT-0400,185.857,185.857,185.857,185.857,0
04.09.2018 22:00:00.000 GMT-0400,185.857,185.857,185.857,185.857,0
04.09.2018 23:00:00.000 GMT-0400,185.857,185.857,185.857,185.857,0
05.09.2018 00:00:00.000 GMT-0400,185.857,185.857,185.857,185.857,0
05.09.2018 01:00:00.000 GMT-0400,185.857,185.857,185.857,185.857,0
05.09.2018 02:00:00.000 GMT-0400,185.857,185.857,185.857,185.857,0
05.09.2018 03:00:00.000 GMT-0400,185.857,185.857,185.857,185.857,0
05.09.2018 04:00:00.000 GMT-0400,185.857,185.857,185.857,185.857,0
05.09.2018 05:00:00.000 GMT-0400,185.857,185.857,185.857,185.857,0
05.09.2018 06:00:00.000 GMT-0400,185.857,185.857,185.857,185.857,0
05.09.2018 07:00:00.000 GMT-0400,185.857,185.857,185.857,185.857,0
05.09.2018 08:00:00.000 GMT-0400,185.857,185.857,185.857,185.857,0
05.09.2018 09:00:00.000 GMT-0400,185.517,185.538,184.087,184.117,26.0132
05.09.2018 10:00:00.000 GMT-0400,184.098,184.358,182.817,183.548,52.6867
05.09.2018 11:00:00.000 GMT-0400,183.547,183.608,182.837,183.388,41.4982
05.09.2018 12:00:00.000 GMT-0400,183.387,184.248,183.377,183.698,30.1198
05.09.2018 13:00:00.000 GMT-0400,183.687,184.208,183.638,183.877,25.6528
05.09.2018 14:00:00.000 GMT-0400,183.878,183.978,183.437,183.548,30.3001
05.09.2018 15:00:00.000 GMT-0400,183.548,183.658,182.987,183.447,27.649
05.09.2018 16:00:00.000 GMT-0400,183.447,183.447,183.447,183.447,0
05.09.2018 17:00:00.000 GMT-0400,183.447,183.447,183.447,183.447,0
05.09.2018 18:00:00.000 GMT-0400,183.447,183.447,183.447,183.447,0
05.09.2018 19:00:00.000 GMT-0400,183.447,183.447,183.447,183.447,0
05.09.2018 20:00:00.000 GMT-0400,183.447,183.447,183.447,183.447,0
05.09.2018 21:00:00.000 GMT-0400,183.447,183.447,183.447,183.447,0
05.09.2018 22:00:00.000 GMT-0400,183.447,183.447,183.447,183.447,0
05.09.2018 23:00:00.000 GMT-0400,183.447,183.447,183.447,183.447,0
06.09.2018 00:00:00.000 GMT-0400,183.447,183.447,183.447,183.447,0
06.09.2018 01:00:00.000 GMT-0400,183.447,183.447,183.447,183.447,0
06.09.2018 02:00:00.000 GMT-0400,183.447,183.447,183.447,183.447,0
06.09.2018 03:00:00.000 GMT-0400,183.447,183.447,183.447,183.447,0
06.09.2018 04:00:00.000 GMT-0400,183.447,183.447,183.447,183.447,0
06.09.2018 05:00:00.000 GMT-0400,183.447,183.447,183.447,183.447,0
06.09.2018 06:00:00.000 GMT-0400,183.447,183.447,183.447,183.447,0
06.09.2018 07:00:00.000 GMT-0400,183.447,183.447,183.447,183.447,0
06.09.2018 08:00:00.000 GMT-0400,183.447,183.447,183.447,183.447,0
06.09.2018 09:00:00.000 GMT-0400,183.508,183.738,182.467,183.297,25.3783
06.09.2018 10:00:00.000 GMT-0400,183.308,183.378,181.017,181.428,46.6507
06.09.2018 11:00:00.000 GMT-0400,181.438,181.708,180.718,181.618,38.8547
06.09.2018 12:00:00.000 GMT-0400,181.608,181.728,180.887,180.888,30.6091
06.09.2018 13:00:00.000 GMT-0400,180.887,181.588,180.577,181.198,30.8372
06.09.2018 14:00:00.000 GMT-0400,181.187,181.558,181.008,181.417,29.2494
06.09.2018 15:00:00.000 GMT-0400,181.418,182.058,181.417,181.818,27.7295
06.09.2018 16:00:00.000 GMT-0400,181.818,181.818,181.818,181.818,0
06.09.2018 17:00:00.000 GMT-0400,181.818,181.818,181.818,181.818,0
06.09.2018 18:00:00.000 GMT-0400,181.818,181.818,181.818,181.818,0
06.09.2018 19:00:00.000 GMT-0400,181.818,181.818,181.818,181.818,0
06.09.2018 20:00:00.000 GMT-0400,181.818,181.818,181.818,181.818,0
06.09.2018 21:00:00.000 GMT-0400,181.818,181.818,181.818,181.818,0
06.09.2018 22:00:00.000 GMT-0400,181.818,181.818,181.818,181.818,0
06.09.2018 23:00:00.000 GMT-0400,181.818,181.818,181.818,181.818,0
07.09.2018 00:00:00.000 GMT-0400,181.818,181.818,181.818,181.818,0
07.09.2018 01:00:00.000 GMT-0400,181.818,181.818,181.818,181.818,0
07.09.2018 02:00:00.000 GMT-0400,181.818,181.818,181.818,181.818,0
07.09.2018 03:00:00.000 GMT-0400,181.818,181.818,181.818,181.818,0
07.09.2018 04:00:00.000 GMT-0400,181.818,181.818,181.818,181.818,0
07.09.2018 05:00:00.000 GMT-0400,181.818,181.818,181.818,181.818,0
07.09.2018 06:00:00.000 GMT-0400,181.818,181.818,181.818,181.818,0
07.09.2018 07:00:00.000 GMT-0400,181.818,181.818,181.818,181.818,0
07.09.2018 08:00:00.000 GMT-0400,181.818,181.818,181.818,181.818,0
07.09.2018 09:00:00.000 GMT-0400,180.498,182.358,180.418,182.148,25.1533
07.09.2018 10:00:00.000 GMT-0400,182.147,182.508,181.928,182.458,34.4758
07.09.2018 11:00:00.000 GMT-0400,182.457,182.648,182.027,182.047,28.7437
07.09.2018 12:00:00.000 GMT-0400,182.048,182.118,181.057,181.908,42.9944
07.09.2018 13:00:00.000 GMT-0400,181.908,181.918,181.237,181.308,29.1357
07.09.2018 14:00:00.000 GMT-0400,181.307,181.848,181.297,181.818,23.4089
07.09.2018 15:00:00.000 GMT-0400,181.818,181.868,180.957,181.258,33.5343
07.09.2018 16:00:00.000 GMT-0400,181.258,181.258,181.258,181.258,0
07.09.2018 17:00:00.000 GMT-0400,181.258,181.258,181.258,181.258,0
07.09.2018 18:00:00.000 GMT-0400,181.258,181.258,181.258,181.258,0
07.09.2018 19:00:00.000 GMT-0400,181.258,181.258,181.258,181.258,0
07.09.2018 20:00:00.000 GMT-0400,181.258,181.258,181.258,181.258,0
07.09.2018 21:00:00.000 GMT-0400,181.258,181.258,181.258,181.258,0
07.09.2018 22:00:00.000 GMT-0400,181.258,181.258,181.258,181.258,0
07.09.2018 23:00:00.000 GMT-0400,181.258,181.258,181.258,181.258,0
08.09.2018 00:00:00.000 GMT-0400,181.258,181.258,181.258,181.258,0
08.09.2018 01:00:00.000 GMT-0400,181.258,181.258,181.258,181.258,0
08.09.2018 02:00:00.000 GMT-0400,181.258,181.258,181.258,181.258,0
08.09.2018 03:00:00.000 GMT-0400,181.258,181.258,181.258,181.258,0
08.09.2018 04:00:00.000 GMT-0400,181.258,181.258,181.258,181.258,0
08.09.2018 05:00:00.000 GMT-0400,181.258,181.258,181.258,181.258,0
08.09.2018 06:00:00.000 GMT-0400,181.258,181.258,181.258,181.258,0
08.09.2018 07:00:00.000 GMT-0400,181.258,181.258,181.258,181.258,0
08.09.2018 08:00:00.000 GMT-0400,181.258,181.258,181.258,181.258,0
08.09.2018 09:00:00.000 GMT-0400,181.258,181.258,181.258,181.258,0
08.09.2018 10:00:00.000 GMT-0400,181.258,181.258,181.258,181.258,0
08.09.2018 11:00:00.000 GMT-0400,181.258,181.258,181.258,181.258,0
08.09.2018 12:00:00.000 GMT-0400,181.258,181.258,181.258,181.258,0
08.09.2018 13:00:00.000 GMT-0400,181.258,181.258,181.258,181.258,0
08.09.2018 14:00:00.000 GMT-0400,181.258,181.258,181.258,181.258,0
08.09.2018 15:00:00.000 GMT-0400,181.258,181.258,181.258,181.258,0
08.09.2018 16:00:00.000 GMT-0400,181.258,181.258,181.258,181.258,0
08.09.2018 17:00:00.000 GMT-0400,181.258,181.258,181.258,181.258,0
08.09.2018 18:00:00.000 GMT-0400,181.258,181.258,181.258,181.258,0
08.09.2018 19:00:00.000 GMT-0400,181.258,181.258,181.258,181.258,0
08.09.2018 20:00:00.000 GMT-0400,181.258,181.258,181.258,181.258,0
08.09.2018 21:00:00.000 GMT-0400,181.258,181.258,181.258,181.258,0
08.09.2018 22:00:00.000 GMT-0400,181.258,181.258,181.258,181.258,0
08.09.2018 23:00:00.000 GMT-0400,181.258,181.258,181.258,181.258,0
09.09.2018 00:00:00.000 GMT-0400,181.258,181.258,181.258,181.258,0
09.09.2018 01:00:00.000 GMT-0400,181.258,181.258,181.258,181.258,0
09.09.2018 02:00:00.000 GMT-0400,181.258,181.258,181.258,181.258,0
09.09.2018 03:00:00.000 GMT-0400,181.258,181.258,181.258,181.258,0
09.09.2018 04:00:00.000 GMT-0400,181.258,181.258,181.258,181.258,0
09.09.2018 05:00:00.000 GMT-0400,181.258,181.258,181.258,181.258,0
09.09.2018 06:00:00.000 GMT-0400,181.258,181.258,181.258,181.258,0
09.09.2018 07:00:00.000 GMT-0400,181.258,181.258,181.258,181.258,0
09.09.2018 08:00:00.000 GMT-0400,181.258,181.258,181.258,181.258,0
09.09.2018 09:00:00.000 GMT-0400,181.258,181.258,181.258,181.258,0
09.09.2018 10:00:00.000 GMT-0400,181.258,181.258,181.258,181.258,0
09.09.2018 11:00:00.000 GMT-0400,181.258,181.258,181.258,181.258,0
09.09.2018 12:00:00.000 GMT-0400,181.258,181.258,181.258,181.258,0
09.09.2018 13:00:00.000 GMT-0400,181.258,181.258,181.258,181.258,0
09.09.2018 14:00:00.000 GMT-0400,181.258,181.258,181.258,181.258,0
09.09.2018 15:00:00.000 GMT-0400,181.258,181.258,181.258,181.258,0
09.09.2018 16:00:00.000 GMT-0400,181.258,181.258,181.258,181.258,0
09.09.2018 17:00:00.000 GMT-0400,181.258,181.258,181.258,181.258,0
09.09.2018 18:00:00.000 GMT-0400,181.258,181.258,181.258,181.258,0
09.09.2018 19:00:00.000 GMT-0400,181.258,181.258,181.258,181.258,0
09.09.2018 20:00:00.000 GMT-0400,181.258,181.258,181.258,181.258,0
09.09.2018 21:00:00.000 GMT-0400,181.258,181.258,181.258,181.258,0
09.09.2018 22:00:00.000 GMT-0400,181.258,181.258,181.258,181.258,0
09.09.2018 23:00:00.000 GMT-0400,181.258,181.258,181.258,181.258,0
10.09.2018 00:00:00.000 GMT-0400,181.258,181.258,181.258,181.258,0
10.09.2018 01:00:00.000 GMT-0400,181.258,181.258,181.258,181.258,0
10.09.2018 02:00:00.000 GMT-0400,181.258,181.258,181.258,181.258,0
10.09.2018 03:00:00.000 GMT-0400,181.258,181.258,181.258,181.258,0
10.09.2018 04:00:00.000 GMT-0400,181.258,181.258,181.258,181.258,0
10.09.2018 05:00:00.000 GMT-0400,181.258,181.258,181.258,181.258,0
10.09.2018 06:00:00.000 GMT-0400,181.258,181.258,181.258,181.258,0
10.09.2018 07:00:00.000 GMT-0400,181.258,181.258,181.258,181.258,0
10.09.2018 08:00:00.000 GMT-0400,181.258,181.258,181.258,181.258,0
10.09.2018 09:00:00.000 GMT-0400,182.078,182.237,181.167,181.408,25.2389
10.09.2018 10:00:00.000 GMT-0400,181.398,181.567,180.707,181.137,37.5389
10.09.2018 11:00:00.000 GMT-0400,181.138,181.797,180.897,181.708,29.2257
10.09.2018 12:00:00.000 GMT-0400,181.707,181.707,181.187,181.348,25.6922
10.09.2018 13:00:00.000 GMT-0400,181.348,181.658,181.227,181.617,18.5873
10.09.2018 14:00:00.000 GMT-0400,181.618,181.738,181.487,181.668,16.2551
10.09.2018 15:00:00.000 GMT-0400,181.678,181.858,181.497,181.708,20.227
10.09.2018 16:00:00.000 GMT-0400,181.708,181.708,181.708,181.708,0
10.09.2018 17:00:00.000 GMT-0400,181.708,181.708,181.708,181.708,0
10.09.2018 18:00:00.000 GMT-0400,181.708,181.708,181.708,181.708,0
10.09.2018 19:00:00.000 GMT-0400,181.708,181.708,181.708,181.708,0
10.09.2018 20:00:00.000 GMT-0400,181.708,181.708,181.708,181.708,0
10.09.2018 21:00:00.000 GMT-0400,181.708,181.708,181.708,181.708,0
10.09.2018 22:00:00.000 GMT-0400,181.708,181.708,181.708,181.708,0
10.09.2018 23:00:00.000 GMT-0400,181.708,181.708,181.708,181.708,0
11.09.2018 00:00:00.000 GMT-0400,181.708,181.708,181.708,181.708,0
11.09.2018 01:00:00.000 GMT-0400,181.708,181.708,181.708,181.708,0
11.09.2018 02:00:00.000 GMT-0400,181.708,181.708,181.708,181.708,0
11.09.2018 03:00:00.000 GMT-0400,181.708,181.708,181.708,181.708,0
11.09.2018 04:00:00.000 GMT-0400,181.708,181.708,181.708,181.708,0
11.09.2018 05:00:00.000 GMT-0400,181.708,181.708,181.708,181.708,0
11.09.2018 06:00:00.000 GMT-0400,181.708,181.708,181.708,181.708,0
11.09.2018 07:00:00.000 GMT-0400,181.708,181.708,181.708,181.708,0
11.09.2018 08:00:00.000 GMT-0400,181.708,181.708,181.708,181.708,0
11.09.2018 09:00:00.000 GMT-0400,180.937,181.988,180.497,181.778,23.7492
11.09.2018 10:00:00.000 GMT-0400,181.822,182.268,181.617,181.788,31.718
11.09.2018 11:00:00.000 GMT-0400,181.787,183.208,181.767,183.208,27.539
11.09.2018 12:00:00.000 GMT-0400,183.207,183.388,182.847,183.117,21.7938
11.09.2018 13:00:00.000 GMT-0400,183.118,183.178,182.507,182.798,21.5035
11.09.2018 14:00:00.000 GMT-0400,182.797,183.228,182.648,183.038,19.7263
11.09.2018 15:00:00.000 GMT-0400,183.048,183.178,182.907,183.098,18.7991
11.09.2018 16:00:00.000 GMT-0400,183.098,183.098,183.098,183.098,0
11.09.2018 17:00:00.000 GMT-0400,183.098,183.098,183.098,183.098,0
11.09.2018 18:00:00.000 GMT-0400,183.098,183.098,183.098,183.098,0
11.09.2018 19:00:00.000 GMT-0400,183.098,183.098,183.098,183.098,0
11.09.2018 20:00:00.000 GMT-0400,183.098,183.098,183.098,183.098,0
11.09.2018 21:00:00.000 GMT-0400,183.098,183.098,183.098,183.098,0
11.09.2018 22:00:00.000 GMT-0400,183.098,183.098,183.098,183.098,0
11.09.2018 23:00:00.000 GMT-0400,183.098,183.098,183.098,183.098,0
12.09.2018 00:00:00.000 GMT-0400,183.098,183.098,183.098,183.098,0
12.09.2018 01:00:00.000 GMT-0400,183.098,183.098,183.098,183.098,0
12.09.2018 02:00:00.000 GMT-0400,183.098,183.098,183.098,183.098,0
12.09.2018 03:00:00.000 GMT-0400,183.098,183.098,183.098,183.098,0
12.09.2018 04:00:00.000 GMT-0400,183.098,183.098,183.098,183.098,0
12.09.2018 05:00:00.000 GMT-0400,183.098,183.098,183.098,183.098,0
12.09.2018 06:00:00.000 GMT-0400,183.098,183.098,183.098,183.098,0
12.09.2018 07:00:00.000 GMT-0400,183.098,183.098,183.098,183.098,0
12.09.2018 08:00:00.000 GMT-0400,183.098,183.098,183.098,183.098,0
12.09.2018 09:00:00.000 GMT-0400,182.847,182.968,181.987,181.987,22.3679
12.09.2018 10:00:00.000 GMT-0400,181.987,182.408,180.997,181.257,37.4224
12.09.2018 11:00:00.000 GMT-0400,181.268,182.758,181.187,181.548,35.6163
12.09.2018 12:00:00.000 GMT-0400,181.548,182.458,181.528,182.188,25.9309
12.09.2018 13:00:00.000 GMT-0400,182.187,182.678,182.047,182.177,26.1462
12.09.2018 14:00:00.000 GMT-0400,182.187,182.278,181.807,182.037,26.3036
12.09.2018 15:00:00.000 GMT-0400,182.038,182.688,182.037,182.588,22.6864
12.09.2018 16:00:00.000 GMT-0400,182.588,182.588,182.588,182.588,0
12.09.2018 17:00:00.000 GMT-0400,182.588,182.588,182.588,182.588,0
12.09.2018 18:00:00.000 GMT-0400,182.588,182.588,182.588,182.588,0
12.09.2018 19:00:00.000 GMT-0400,182.588,182.588,182.588,182.588,0
12.09.2018 20:00:00.000 GMT-0400,182.588,182.588,182.588,182.588,0
12.09.2018 21:00:00.000 GMT-0400,182.588,182.588,182.588,182.588,0
12.09.2018 22:00:00.000 GMT-0400,182.588,182.588,182.588,182.588,0
12.09.2018 23:00:00.000 GMT-0400,182.588,182.588,182.588,182.588,0
13.09.2018 00:00:00.000 GMT-0400,182.588,182.588,182.588,182.588,0
13.09.2018 01:00:00.000 GMT-0400,182.588,182.588,182.588,182.588,0
13.09.2018 02:00:00.000 GMT-0400,182.588,182.588,182.588,182.588,0
13.09.2018 03:00:00.000 GMT-0400,182.588,182.588,182.588,182.588,0
13.09.2018 04:00:00.000 GMT-0400,182.588,182.588,182.588,182.588,0
13.09.2018 05:00:00.000 GMT-0400,182.588,182.588,182.588,182.588,0
13.09.2018 06:00:00.000 GMT-0400,182.588,182.588,182.588,182.588,0
13.09.2018 07:00:00.000 GMT-0400,182.588,182.588,182.588,182.588,0
13.09.2018 08:00:00.000 GMT-0400,182.588,182.588,182.588,182.588,0
13.09.2018 09:00:00.000 GMT-0400,183.638,184.788,183.628,184.208,19.5541
13.09.2018 10:00:00.000 GMT-0400,184.217,184.688,183.668,184.068,36.0186
13.09.2018 11:00:00.000 GMT-0400,184.078,184.728,183.887,184.677,25.4386
13.09.2018 12:00:00.000 GMT-0400,184.678,184.848,184.457,184.538,19.7708
13.09.2018 13:00:00.000 GMT-0400,184.527,184.578,184.207,184.358,16.9441
13.09.2018 14:00:00.000 GMT-0400,184.347,184.598,184.007,184.447,19.9628
13.09.2018 15:00:00.000 GMT-0400,184.448,184.468,184.037,184.427,19.5047
13.09.2018 16:00:00.000 GMT-0400,184.427,184.427,184.427,184.427,0
13.09.2018 17:00:00.000 GMT-0400,184.427,184.427,184.427,184.427,0
13.09.2018 18:00:00.000 GMT-0400,184.427,184.427,184.427,184.427,0
13.09.2018 19:00:00.000 GMT-0400,184.427,184.427,184.427,184.427,0
13.09.2018 20:00:00.000 GMT-0400,184.427,184.427,184.427,184.427,0
13.09.2018 21:00:00.000 GMT-0400,184.427,184.427,184.427,184.427,0
13.09.2018 22:00:00.000 GMT-0400,184.427,184.427,184.427,184.427,0
13.09.2018 23:00:00.000 GMT-0400,184.427,184.427,184.427,184.427,0
14.09.2018 00:00:00.000 GMT-0400,184.427,184.427,184.427,184.427,0
14.09.2018 01:00:00.000 GMT-0400,184.427,184.427,184.427,184.427,0
14.09.2018 02:00:00.000 GMT-0400,184.427,184.427,184.427,184.427,0
14.09.2018 03:00:00.000 GMT-0400,184.427,184.427,184.427,184.427,0
14.09.2018 04:00:00.000 GMT-0400,184.427,184.427,184.427,184.427,0
14.09.2018 05:00:00.000 GMT-0400,184.427,184.427,184.427,184.427,0
14.09.2018 06:00:00.000 GMT-0400,184.427,184.427,184.427,184.427,0
14.09.2018 07:00:00.000 GMT-0400,184.427,184.427,184.427,184.427,0
14.09.2018 08:00:00.000 GMT-0400,184.427,184.427,184.427,184.427,0
14.09.2018 09:00:00.000 GMT-0400,184.638,184.907,184.188,184.628,18.6153
14.09.2018 10:00:00.000 GMT-0400,184.627,184.928,184.207,184.667,29.8223
14.09.2018 11:00:00.000 GMT-0400,184.658,184.738,184.297,184.427,23.6916
14.09.2018 12:00:00.000 GMT-0400,184.428,184.458,183.348,183.627,29.1053
14.09.2018 13:00:00.000 GMT-0400,183.628,184.018,183.247,183.988,20.3538
14.09.2018 14:00:00.000 GMT-0400,183.997,184.108,183.867,183.987,17.4567
14.09.2018 15:00:00.000 GMT-0400,183.987,184.218,183.868,183.977,20.4439
14.09.2018 16:00:00.000 GMT-0400,183.977,183.977,183.977,183.977,0
14.09.2018 17:00:00.000 GMT-0400,183.977,183.977,183.977,183.977,0
14.09.2018 18:00:00.000 GMT-0400,183.977,183.977,183.977,183.977,0
14.09.2018 19:00:00.000 GMT-0400,183.977,183.977,183.977,183.977,0
14.09.2018 20:00:00.000 GMT-0400,183.977,183.977,183.977,183.977,0
14.09.2018 21:00:00.000 GMT-0400,183.977,183.977,183.977,183.977,0
14.09.2018 22:00:00.000 GMT-0400,183.977,183.977,183.977,183.977,0
14.09.2018 23:00:00.000 GMT-0400,183.977,183.977,183.977,183.977,0
15.09.2018 00:00:00.000 GMT-0400,183.977,183.977,183.977,183.977,0
15.09.2018 01:00:00.000 GMT-0400,183.977,183.977,183.977,183.977,0
15.09.2018 02:00:00.000 GMT-0400,183.977,183.977,183.977,183.977,0
15.09.2018 03:00:00.000 GMT-0400,183.977,183.977,183.977,183.977,0
15.09.2018 04:00:00.000 GMT-0400,183.977,183.977,183.977,183.977,0
15.09.2018 05:00:00.000 GMT-0400,183.977,183.977,183.977,183.977,0
15.09.2018 06:00:00.000 GMT-0400,183.977,183.977,183.977,183.977,0
15.09.2018 07:00:00.000 GMT-0400,183.977,183.977,183.977,183.977,0
15.09.2018 08:00:00.000 GMT-0400,183.977,183.977,183.977,183.977,0
15.09.2018 09:00:00.000 GMT-0400,183.977,183.977,183.977,183.977,0
15.09.2018 10:00:00.000 GMT-0400,183.977,183.977,183.977,183.977,0
15.09.2018 11:00:00.000 GMT-0400,183.977,183.977,183.977,183.977,0
15.09.2018 12:00:00.000 GMT-0400,183.977,183.977,183.977,183.977,0
15.09.2018 13:00:00.000 GMT-0400,183.977,183.977,183.977,183.977,0
15.09.2018 14:00:00.000 GMT-0400,183.977,183.977,183.977,183.977,0
15.09.2018 15:00:00.000 GMT-0400,183.977,183.977,183.977,183.977,0
15.09.2018 16:00:00.000 GMT-0400,183.977,183.977,183.977,183.977,0
15.09.2018 17:00:00.000 GMT-0400,183.977,183.977,183.977,183.977,0
15.09.2018 18:00:00.000 GMT-0400,183.977,183.977,183.977,183.977,0
15.09.2018 19:00:00.000 GMT-0400,183.977,183.977,183.977,183.977,0
15.09.2018 20:00:00.000 GMT-0400,183.977,183.977,183.977,183.977,0
15.09.2018 21:00:00.000 GMT-0400,183.977,183.977,183.977,183.977,0
15.09.2018 22:00:00.000 GMT-0400,183.977,183.977,183.977,183.977,0
15.09.2018 23:00:00.000 GMT-0400,183.977,183.977,183.977,183.977,0
16.09.2018 00:00:00.000 GMT-0400,183.977,183.977,183.977,183.977,0
16.09.2018 01:00:00.000 GMT-0400,183.977,183.977,183.977,183.977,0
16.09.2018 02:00:00.000 GMT-0400,183.977,183.977,183.977,183.977,0
16.09.2018 03:00:00.000 GMT-0400,183.977,183.977,183.977,183.977,0
16.09.2018 04:00:00.000 GMT-0400,183.977,183.977,183.977,183.977,0
16.09.2018 05:00:00.000 GMT-0400,183.977,183.977,183.977,183.977,0
16.09.2018 06:00:00.000 GMT-0400,183.977,183.977,183.977,183.977,0
16.09.2018 07:00:00.000 GMT-0400,183.977,183.977,183.977,183.977,0
16.09.2018 08:00:00.000 GMT-0400,183.977,183.977,183.977,183.977,0
16.09.2018 09:00:00.000 GMT-0400,183.977,183.977,183.977,183.977,0
16.09.2018 10:00:00.000 GMT-0400,183.977,183.977,183.977,183.977,0
16.09.2018 11:00:00.000 GMT-0400,183.977,183.977,183.977,183.977,0
16.09.2018 12:00:00.000 GMT-0400,183.977,183.977,183.977,183.977,0
16.09.2018 13:00:00.000 GMT-0400,183.977,183.977,183.977,183.977,0
16.09.2018 14:00:00.000 GMT-0400,183.977,183.977,183.977,183.977,0
16.09.2018 15:00:00.000 GMT-0400,183.977,183.977,183.977,183.977,0
16.09.2018 16:00:00.000 GMT-0400,183.977,183.977,183.977,183.977,0
16.09.2018 17:00:00.000 GMT-0400,183.977,183.977,183.977,183.977,0
16.09.2018 18:00:00.000 GMT-0400,183.977,183.977,183.977,183.977,0
16.09.2018 19:00:00.000 GMT-0400,183.977,183.977,183.977,183.977,0
16.09.2018 20:00:00.000 GMT-0400,183.977,183.977,183.977,183.977,0
16.09.2018 21:00:00.000 GMT-0400,183.977,183.977,183.977,183.977,0
16.09.2018 22:00:00.000 GMT-0400,183.977,183.977,183.977,183.977,0
16.09.2018 23:00:00.000 GMT-0400,183.977,183.977,183.977,183.977,0
17.09.2018 00:00:00.000 GMT-0400,183.977,183.977,183.977,183.977,0
17.09.2018 01:00:00.000 GMT-0400,183.977,183.977,183.977,183.977,0
17.09.2018 02:00:00.000 GMT-0400,183.977,183.977,183.977,183.977,0
17.09.2018 03:00:00.000 GMT-0400,183.977,183.977,183.977,183.977,0
17.09.2018 04:00:00.000 GMT-0400,183.977,183.977,183.977,183.977,0
17.09.2018 05:00:00.000 GMT-0400,183.977,183.977,183.977,183.977,0
17.09.2018 06:00:00.000 GMT-0400,183.977,183.977,183.977,183.977,0
17.09.2018 07:00:00.000 GMT-0400,183.977,183.977,183.977,183.977,0
17.09.2018 08:00:00.000 GMT-0400,183.977,183.977,183.977,183.977,0
17.09.2018 09:00:00.000 GMT-0400,183.628,183.788,182.637,182.938,21.1363
17.09.2018 10:00:00.000 GMT-0400,182.938,182.948,181.758,181.968,34.671
17.09.2018 11:00:00.000 GMT-0400,181.958,182.498,181.908,182.438,24.5112
17.09.2018 12:00:00.000 GMT-0400,182.448,182.727,182.297,182.528,21.3434
17.09.2018 13:00:00.000 GMT-0400,182.527,182.638,181.987,182.388,19.9495
17.09.2018 14:00:00.000 GMT-0400,182.378,182.528,182.017,182.107,17.7905
17.09.2018 15:00:00.000 GMT-0400,182.107,182.188,181.157,181.338,26.1598
17.09.2018 16:00:00.000 GMT-0400,181.338,181.338,181.338,181.338,0
17.09.2018 17:00:00.000 GMT-0400,181.338,181.338,181.338,181.338,0
17.09.2018 18:00:00.000 GMT-0400,181.338,181.338,181.338,181.338,0
17.09.2018 19:00:00.000 GMT-0400,181.338,181.338,181.338,181.338,0
17.09.2018 20:00:00.000 GMT-0400,181.338,181.338,181.338,181.338,0
17.09.2018 21:00:00.000 GMT-0400,181.338,181.338,181.338,181.338,0
17.09.2018 22:00:00.000 GMT-0400,181.338,181.338,181.338,181.338,0
17.09.2018 23:00:00.000 GMT-0400,181.338,181.338,181.338,181.338,0
18.09.2018 00:00:00.000 GMT-0400,181.338,181.338,181.338,181.338,0
18.09.2018 01:00:00.000 GMT-0400,181.338,181.338,181.338,181.338,0
18.09.2018 02:00:00.000 GMT-0400,181.338,181.338,181.338,181.338,0
18.09.2018 03:00:00.000 GMT-0400,181.338,181.338,181.338,181.338,0
18.09.2018 04:00:00.000 GMT-0400,181.338,181.338,181.338,181.338,0
18.09.2018 05:00:00.000 GMT-0400,181.338,181.338,181.338,181.338,0
18.09.2018 06:00:00.000 GMT-0400,181.338,181.338,181.338,181.338,0
18.09.2018 07:00:00.000 GMT-0400,181.338,181.338,181.338,181.338,0
18.09.2018 08:00:00.000 GMT-0400,181.338,181.338,181.338,181.338,0
18.09.2018 09:00:00.000 GMT-0400,181.488,182.888,181.387,182.718,23.3487
18.09.2018 10:00:00.000 GMT-0400,182.737,183.278,182.617,183.258,31.9625
18.09.2018 11:00:00.000 GMT-0400,183.248,183.658,183.077,183.507,24.2201
18.09.2018 12:00:00.000 GMT-0400,183.518,183.718,182.957,183.088,20.6064
18.09.2018 13:00:00.000 GMT-0400,183.088,183.308,182.837,183.238,19.2152
18.09.2018 14:00:00.000 GMT-0400,183.237,183.448,183.047,183.108,17.2943
18.09.2018 15:00:00.000 GMT-0400,183.098,183.258,182.777,182.807,25.6472
18.09.2018 16:00:00.000 GMT-0400,182.807,182.807,182.807,182.807,0
18.09.2018 17:00:00.000 GMT-0400,182.807,182.807,182.807,182.807,0
18.09.2018 18:00:00.000 GMT-0400,182.807,182.807,182.807,182.807,0
18.09.2018 19:00:00.000 GMT-0400,182.807,182.807,182.807,182.807,0
18.09.2018 20:00:00.000 GMT-0400,182.807,182.807,182.807,182.807,0
18.09.2018 21:00:00.000 GMT-0400,182.807,182.807,182.807,182.807,0
18.09.2018 22:00:00.000 GMT-0400,182.807,182.807,182.807,182.807,0
18.09.2018 23:00:00.000 GMT-0400,182.807,182.807,182.807,182.807,0
19.09.2018 00:00:00.000 GMT-0400,182.807,182.807,182.807,182.807,0
19.09.2018 01:00:00.000 GMT-0400,182.807,182.807,182.807,182.807,0
19.09.2018 02:00:00.000 GMT-0400,182.807,182.807,182.807,182.807,0
19.09.2018 03:00:00.000 GMT-0400,182.807,182.807,182.807,182.807,0
19.09.2018 04:00:00.000 GMT-0400,182.807,182.807,182.807,182.807,0
19.09.2018 05:00:00.000 GMT-0400,182.807,182.807,182.807,182.807,0
19.09.2018 06:00:00.000 GMT-0400,182.807,182.807,182.807,182.807,0
19.09.2018 07:00:00.000 GMT-0400,182.807,182.807,182.807,182.807,0
19.09.2018 08:00:00.000 GMT-0400,182.807,182.807,182.807,182.807,0
19.09.2018 09:00:00.000 GMT-0400,182.828,183.288,182.017,182.167,26.3859
19.09.2018 10:00:00.000 GMT-0400,182.168,182.468,181.487,181.717,31.6735
19.09.2018 11:00:00.000 GMT-0400,181.718,182.638,181.607,182.387,26.6726
19.09.2018 12:00:00.000 GMT-0400,182.387,182.477,181.828,182.188,19.6439
19.09.2018 13:00:00.000 GMT-0400,182.187,182.328,181.907,182.297,19.5788
19.09.2018 14:00:00.000 GMT-0400,182.288,182.448,182.187,182.288,14.3262
19.09.2018 15:00:00.000 GMT-0400,182.287,182.868,182.287,182.688,19.7198
19.09.2018 16:00:00.000 GMT-0400,182.688,182.688,182.688,182.688,0
19.09.2018 17:00:00.000 GMT-0400,182.688,182.688,182.688,182.688,0
19.09.2018 18:00:00.000 GMT-0400,182.688,182.688,182.688,182.688,0
19.09.2018 19:00:00.000 GMT-0400,182.688,182.688,182.688,182.688,0
19.09.2018 20:00:00.000 GMT-0400,182.688,182.688,182.688,182.688,0
19.09.2018 21:00:00.000 GMT-0400,182.688,182.688,182.688,182.688,0
19.09.2018 22:00:00.000 GMT-0400,182.688,182.688,182.688,182.688,0
19.09.2018 23:00:00.000 GMT-0400,182.688,182.688,182.688,182.688,0
20.09.2018 00:00:00.000 GMT-0400,182.688,182.688,182.688,182.688,0
20.09.2018 01:00:00.000 GMT-0400,182.688,182.688,182.688,182.688,0
20.09.2018 02:00:00.000 GMT-0400,182.688,182.688,182.688,182.688,0
20.09.2018 03:00:00.000 GMT-0400,182.688,182.688,182.688,182.688,0
20.09.2018 04:00:00.000 GMT-0400,182.688,182.688,182.688,182.688,0
20.09.2018 05:00:00.000 GMT-0400,182.688,182.688,182.688,182.688,0
20.09.2018 06:00:00.000 GMT-0400,182.688,182.688,182.688,182.688,0
20.09.2018 07:00:00.000 GMT-0400,182.688,182.688,182.688,182.688,0
20.09.2018 08:00:00.000 GMT-0400,182.688,182.688,182.688,182.688,0
20.09.2018 09:00:00.000 GMT-0400,183.928,184.308,183.497,184.207,26.7402
20.09.2018 10:00:00.000 GMT-0400,184.198,184.858,184.197,184.318,28.5546
20.09.2018 11:00:00.000 GMT-0400,184.317,184.888,184.277,184.628,24.9395
20.09.2018 12:00:00.000 GMT-0400,184.627,184.788,184.337,184.708,17.669
20.09.2018 13:00:00.000 GMT-0400,184.708,184.798,184.487,184.708,15.5359
20.09.2018 14:00:00.000 GMT-0400,184.707,184.758,184.477,184.738,16.3868
20.09.2018 15:00:00.000 GMT-0400,184.737,184.948,184.597,184.648,19.952
20.09.2018 16:00:00.000 GMT-0400,184.648,184.648,184.648,184.648,0
20.09.2018 17:00:00.000 GMT-0400,184.648,184.648,184.648,184.648,0
20.09.2018 18:00:00.000 GMT-0400,184.648,184.648,184.648,184.648,0
20.09.2018 19:00:00.000 GMT-0400,184.648,184.648,184.648,184.648,0
20.09.2018 20:00:00.000 GMT-0400,184.648,184.648,184.648,184.648,0
20.09.2018 21:00:00.000 GMT-0400,184.648,184.648,184.648,184.648,0
20.09.2018 22:00:00.000 GMT-0400,184.648,184.648,184.648,184.648,0
20.09.2018 23:00:00.000 GMT-0400,184.648,184.648,184.648,184.648,0
21.09.2018 00:00:00.000 GMT-0400,184.648,184.648,184.648,184.648,0
21.09.2018 01:00:00.000 GMT-0400,184.648,184.648,184.648,184.648,0
21.09.2018 02:00:00.000 GMT-0400,184.648,184.648,184.648,184.648,0
21.09.2018 03:00:00.000 GMT-0400,184.648,184.648,184.648,184.648,0
21.09.2018 04:00:00.000 GMT-0400,184.648,184.648,184.648,184.648,0
21.09.2018 05:00:00.000 GMT-0400,184.648,184.648,184.648,184.648,0
21.09.2018 06:00:00.000 GMT-0400,184.648,184.648,184.648,184.648,0
21.09.2018 07:00:00.000 GMT-0400,184.648,184.648,184.648,184.648,0
21.09.2018 08:00:00.000 GMT-0400,184.648,184.648,184.648,184.648,0
21.09.2018 09:00:00.000 GMT-0400,185.247,185.468,184.828,184.927,22.939
21.09.2018 10:00:00.000 GMT-0400,184.918,185.078,184.167,184.307,30.2982
21.09.2018 11:00:00.000 GMT-0400,184.297,184.768,184.037,184.657,22.774
21.09.2018 12:00:00.000 GMT-0400,184.658,184.878,184.347,184.487,19.8841
21.09.2018 13:00:00.000 GMT-0400,184.487,184.528,184.187,184.358,17.0285
21.09.2018 14:00:00.000 GMT-0400,184.357,184.368,183.828,183.858,18.0595
21.09.2018 15:00:00.000 GMT-0400,183.857,183.898,183.467,183.647,23.7838
21.09.2018 16:00:00.000 GMT-0400,183.647,183.647,183.647,183.647,0
21.09.2018 17:00:00.000 GMT-0400,183.647,183.647,183.647,183.647,0
21.09.2018 18:00:00.000 GMT-0400,183.647,183.647,183.647,183.647,0
21.09.2018 19:00:00.000 GMT-0400,183.647,183.647,183.647,183.647,0
21.09.2018 20:00:00.000 GMT-0400,183.647,183.647,183.647,183.647,0
21.09.2018 21:00:00.000 GMT-0400,183.647,183.647,183.647,183.647,0
21.09.2018 22:00:00.000 GMT-0400,183.647,183.647,183.647,183.647,0
21.09.2018 23:00:00.000 GMT-0400,183.647,183.647,183.647,183.647,0
22.09.2018 00:00:00.000 GMT-0400,183.647,183.647,183.647,183.647,0
22.09.2018 01:00:00.000 GMT-0400,183.647,183.647,183.647,183.647,0
22.09.2018 02:00:00.000 GMT-0400,183.647,183.647,183.647,183.647,0
22.09.2018 03:00:00.000 GMT-0400,183.647,183.647,183.647,183.647,0
22.09.2018 04:00:00.000 GMT-0400,183.647,183.647,183.647,183.647,0
22.09.2018 05:00:00.000 GMT-0400,183.647,183.647,183.647,183.647,0
22.09.2018 06:00:00.000 GMT-0400,183.647,183.647,183.647,183.647,0
22.09.2018 07:00:00.000 GMT-0400,183.647,183.647,183.647,183.647,0
22.09.2018 08:00:00.000 GMT-0400,183.647,183.647,183.647,183.647,0
22.09.2018 09:00:00.000 GMT-0400,183.647,183.647,183.647,183.647,0
22.09.2018 10:00:00.000 GMT-0400,183.647,183.647,183.647,183.647,0
22.09.2018 11:00:00.000 GMT-0400,183.647,183.647,183.647,183.647,0
22.09.2018 12:00:00.000 GMT-0400,183.647,183.647,183.647,183.647,0
22.09.2018 13:00:00.000 GMT-0400,183.647,183.647,183.647,183.647,0
22.09.2018 14:00:00.000 GMT-0400,183.647,183.647,183.647,183.647,0
22.09.2018 15:00:00.000 GMT-0400,183.647,183.647,183.647,183.647,0
22.09.2018 16:00:00.000 GMT-0400,183.647,183.647,183.647,183.647,0
22.09.2018 17:00:00.000 GMT-0400,183.647,183.647,183.647,183.647,0
22.09.2018 18:00:00.000 GMT-0400,183.647,183.647,183.647,183.647,0
22.09.2018 19:00:00.000 GMT-0400,183.647,183.647,183.647,183.647,0
22.09.2018 20:00:00.000 GMT-0400,183.647,183.647,183.647,183.647,0
22.09.2018 21:00:00.000 GMT-0400,183.647,183.647,183.647,183.647,0
22.09.2018 22:00:00.000 GMT-0400,183.647,183.647,183.647,183.647,0
22.09.2018 23:00:00.000 GMT-0400,183.647,183.647,183.647,183.647,0
23.09.2018 00:00:00.000 GMT-0400,183.647,183.647,183.647,183.647,0
23.09.2018 01:00:00.000 GMT-0400,183.647,183.647,183.647,183.647,0
23.09.2018 02:00:00.000 GMT-0400,183.647,183.647,183.647,183.647,0
23.09.2018 03:00:00.000 GMT-0400,183.647,183.647,183.647,183.647,0
23.09.2018 04:00:00.000 GMT-0400,183.647,183.647,183.647,183.647,0
23.09.2018 05:00:00.000 GMT-0400,183.647,183.647,183.647,183.647,0
23.09.2018 06:00:00.000 GMT-0400,183.647,183.647,183.647,183.647,0
23.09.2018 07:00:00.000 GMT-0400,183.647,183.647,183.647,183.647,0
23.09.2018 08:00:00.000 GMT-0400,183.647,183.647,183.647,183.647,0
23.09.2018 09:00:00.000 GMT-0400,183.647,183.647,183.647,183.647,0
23.09.2018 10:00:00.000 GMT-0400,183.647,183.647,183.647,183.647,0
23.09.2018 11:00:00.000 GMT-0400,183.647,183.647,183.647,183.647,0
23.09.2018 12:00:00.000 GMT-0400,183.647,183.647,183.647,183.647,0
23.09.2018 13:00:00.000 GMT-0400,183.647,183.647,183.647,183.647,0
23.09.2018 14:00:00.000 GMT-0400,183.647,183.647,183.647,183.647,0
23.09.2018 15:00:00.000 GMT-0400,183.647,183.647,183.647,183.647,0
23.09.2018 16:00:00.000 GMT-0400,183.647,183.647,183.647,183.647,0
23.09.2018 17:00:00.000 GMT-0400,183.647,183.647,183.647,183.647,0
23.09.2018 18:00:00.000 GMT-0400,183.647,183.647,183.647,183.647,0
23.09.2018 19:00:00.000 GMT-0400,183.647,183.647,183.647,183.647,0
23.09.2018 20:00:00.000 GMT-0400,183.647,183.647,183.647,183.647,0
23.09.2018 21:00:00.000 GMT-0400,183.647,183.647,183.647,183.647,0
23.09.2018 22:00:00.000 GMT-0400,183.647,183.647,183.647,183.647,0
23.09.2018 23:00:00.000 GMT-0400,183.647,183.647,183.647,183.647,0
24.09.2018 00:00:00.000 GMT-0400,183.647,183.647,183.647,183.647,0
24.09.2018 01:00:00.000 GMT-0400,183.647,183.647,183.647,183.647,0
24.09.2018 02:00:00.000 GMT-0400,183.647,183.647,183.647,183.647,0
24.09.2018 03:00:00.000 GMT-0400,183.647,183.647,183.647,183.647,0
24.09.2018 04:00:00.000 GMT-0400,183.647,183.647,183.647,183.647,0
24.09.2018 05:00:00.000 GMT-0400,183.647,183.647,183.647,183.647,0
24.09.2018 06:00:00.000 GMT-0400,183.647,183.647,183.647,183.647,0
24.09.2018 07:00:00.000 GMT-0400,183.647,183.647,183.647,183.647,0
24.09.2018 08:00:00.000 GMT-0400,183.647,183.647,183.647,183.647,0
24.09.2018 09:00:00.000 GMT-0400,182.037,182.808,181.287,182.628,24.6743
24.09.2018 10:00:00.000 GMT-0400,182.618,183.028,182.348,182.758,39.651
24.09.2018 11:00:00.000 GMT-0400,182.768,183.548,182.467,183.367,28.5538
24.09.2018 12:00:00.000 GMT-0400,183.377,183.488,183.038,183.138,24.5393
24.09.2018 13:00:00.000 GMT-0400,183.128,183.737,183.097,183.687,21.7857
24.09.2018 14:00:00.000 GMT-0400,183.688,183.778,183.467,183.547,18.4332
24.09.2018 15:00:00.000 GMT-0400,183.548,183.938,183.517,183.828,22.1611
24.09.2018 16:00:00.000 GMT-0400,183.828,183.828,183.828,183.828,0
24.09.2018 17:00:00.000 GMT-0400,183.828,183.828,183.828,183.828,0
24.09.2018 18:00:00.000 GMT-0400,183.828,183.828,183.828,183.828,0
24.09.2018 19:00:00.000 GMT-0400,183.828,183.828,183.828,183.828,0
24.09.2018 20:00:00.000 GMT-0400,183.828,183.828,183.828,183.828,0
24.09.2018 21:00:00.000 GMT-0400,183.828,183.828,183.828,183.828,0
24.09.2018 22:00:00.000 GMT-0400,183.828,183.828,183.828,183.828,0
24.09.2018 23:00:00.000 GMT-0400,183.828,183.828,183.828,183.828,0
25.09.2018 00:00:00.000 GMT-0400,183.828,183.828,183.828,183.828,0
25.09.2018 01:00:00.000 GMT-0400,183.828,183.828,183.828,183.828,0
25.09.2018 02:00:00.000 GMT-0400,183.828,183.828,183.828,183.828,0
25.09.2018 03:00:00.000 GMT-0400,183.828,183.828,183.828,183.828,0
25.09.2018 04:00:00.000 GMT-0400,183.828,183.828,183.828,183.828,0
25.09.2018 05:00:00.000 GMT-0400,183.828,183.828,183.828,183.828,0
25.09.2018 06:00:00.000 GMT-0400,183.828,183.828,183.828,183.828,0
25.09.2018 07:00:00.000 GMT-0400,183.828,183.828,183.828,183.828,0
25.09.2018 08:00:00.000 GMT-0400,183.828,183.828,183.828,183.828,0
25.09.2018 09:00:00.000 GMT-0400,183.747,183.968,183.377,183.788,24.4716
25.09.2018 10:00:00.000 GMT-0400,183.777,183.898,183.188,183.207,32.8193
25.09.2018 11:00:00.000 GMT-0400,183.208,184.188,183.158,184.088,24.3343
25.09.2018 12:00:00.000 GMT-0400,184.098,184.188,183.767,183.887,19.0367
25.09.2018 13:00:00.000 GMT-0400,183.888,184.088,183.698,183.987,22.9745
25.09.2018 14:00:00.000 GMT-0400,183.988,184.098,183.927,184.018,18.7793
25.09.2018 15:00:00.000 GMT-0400,184.018,184.258,183.947,184.118,22.408
25.09.2018 16:00:00.000 GMT-0400,184.118,184.118,184.118,184.118,0
25.09.2018 17:00:00.000 GMT-0400,184.118,184.118,184.118,184.118,0
25.09.2018 18:00:00.000 GMT-0400,184.118,184.118,184.118,184.118,0
25.09.2018 19:00:00.000 GMT-0400,184.118,184.118,184.118,184.118,0
25.09.2018 20:00:00.000 GMT-0400,184.118,184.118,184.118,184.118,0
25.09.2018 21:00:00.000 GMT-0400,184.118,184.118,184.118,184.118,0
25.09.2018 22:00:00.000 GMT-0400,184.118,184.118,184.118,184.118,0
25.09.2018 23:00:00.000 GMT-0400,184.118,184.118,184.118,184.118,0
26.09.2018 00:00:00.000 GMT-0400,184.118,184.118,184.118,184.118,0
26.09.2018 01:00:00.000 GMT-0400,184.118,184.118,184.118,184.118,0
26.09.2018 02:00:00.000 GMT-0400,184.118,184.118,184.118,184.118,0
26.09.2018 03:00:00.000 GMT-0400,184.118,184.118,184.118,184.118,0
26.09.2018 04:00:00.000 GMT-0400,184.118,184.118,184.118,184.118,0
26.09.2018 05:00:00.000 GMT-0400,184.118,184.118,184.118,184.118,0
26.09.2018 06:00:00.000 GMT-0400,184.118,184.118,184.118,184.118,0
26.09.2018 07:00:00.000 GMT-0400,184.118,184.118,184.118,184.118,0
26.09.2018 08:00:00.000 GMT-0400,184.118,184.118,184.118,184.118,0
26.09.2018 09:00:00.000 GMT-0400,184.238,184.768,184.177,184.657,17.2286
26.09.2018 10:00:00.000 GMT-0400,184.648,185.018,184.357,184.948,25.8355
26.09.2018 11:00:00.000 GMT-0400,184.947,185.368,184.947,185.227,21.1054
26.09.2018 12:00:00.000 GMT-0400,185.228,185.238,184.967,185.207,14.7048
26.09.2018 13:00:00.000 GMT-0400,185.208,185.308,184.958,185.068,16.035
26.09.2018 14:00:00.000 GMT-0400,185.068,185.978,185.017,185.408,29.7234
26.09.2018 15:00:00.000 GMT-0400,185.408,185.578,183.888,184.177,33.4259
26.09.2018 16:00:00.000 GMT-0400,184.177,184.177,184.177,184.177,0
26.09.2018 17:00:00.000 GMT-0400,184.177,184.177,184.177,184.177,0
26.09.2018 18:00:00.000 GMT-0400,184.177,184.177,184.177,184.177,0
26.09.2018 19:00:00.000 GMT-0400,184.177,184.177,184.177,184.177,0
26.09.2018 20:00:00.000 GMT-0400,184.177,184.177,184.177,184.177,0
26.09.2018 21:00:00.000 GMT-0400,184.177,184.177,184.177,184.177,0
26.09.2018 22:00:00.000 GMT-0400,184.177,184.177,184.177,184.177,0
26.09.2018 23:00:00.000 GMT-0400,184.177,184.177,184.177,184.177,0
27.09.2018 00:00:00.000 GMT-0400,184.177,184.177,184.177,184.177,0
27.09.2018 01:00:00.000 GMT-0400,184.177,184.177,184.177,184.177,0
27.09.2018 02:00:00.000 GMT-0400,184.177,184.177,184.177,184.177,0
27.09.2018 03:00:00.000 GMT-0400,184.177,184.177,184.177,184.177,0
27.09.2018 04:00:00.000 GMT-0400,184.177,184.177,184.177,184.177,0
27.09.2018 05:00:00.000 GMT-0400,184.177,184.177,184.177,184.177,0
27.09.2018 06:00:00.000 GMT-0400,184.177,184.177,184.177,184.177,0
27.09.2018 07:00:00.000 GMT-0400,184.177,184.177,184.177,184.177,0
27.09.2018 08:00:00.000 GMT-0400,184.177,184.177,184.177,184.177,0
27.09.2018 09:00:00.000 GMT-0400,185.017,185.758,184.907,185.608,18.1792
27.09.2018 10:00:00.000 GMT-0400,185.618,186.268,185.607,186.248,28.5405
27.09.2018 11:00:00.000 GMT-0400,186.248,186.428,185.917,186.258,22.2272
27.09.2018 12:00:00.000 GMT-0400,186.257,186.468,186.127,186.377,19.0947
27.09.2018 13:00:00.000 GMT-0400,186.378,186.398,186.227,186.318,17.1044
27.09.2018 14:00:00.000 GMT-0400,186.317,186.328,185.897,185.958,19.9377
27.09.2018 15:00:00.000 GMT-0400,185.957,186.068,185.637,185.798,23.971
27.09.2018 16:00:00.000 GMT-0400,185.798,185.798,185.798,185.798,0
27.09.2018 17:00:00.000 GMT-0400,185.798,185.798,185.798,185.798,0
27.09.2018 18:00:00.000 GMT-0400,185.798,185.798,185.798,185.798,0
27.09.2018 19:00:00.000 GMT-0400,185.798,185.798,185.798,185.798,0
27.09.2018 20:00:00.000 GMT-0400,185.798,185.798,185.798,185.798,0
27.09.2018 21:00:00.000 GMT-0400,185.798,185.798,185.798,185.798,0
27.09.2018 22:00:00.000 GMT-0400,185.798,185.798,185.798,185.798,0
27.09.2018 23:00:00.000 GMT-0400,185.798,185.798,185.798,185.798,0
28.09.2018 00:00:00.000 GMT-0400,185.798,185.798,185.798,185.798,0
28.09.2018 01:00:00.000 GMT-0400,185.798,185.798,185.798,185.798,0
28.09.2018 02:00:00.000 GMT-0400,185.798,185.798,185.798,185.798,0
28.09.2018 03:00:00.000 GMT-0400,185.798,185.798,185.798,185.798,0
28.09.2018 04:00:00.000 GMT-0400,185.798,185.798,185.798,185.798,0
28.09.2018 05:00:00.000 GMT-0400,185.798,185.798,185.798,185.798,0
28.09.2018 06:00:00.000 GMT-0400,185.798,185.798,185.798,185.798,0
28.09.2018 07:00:00.000 GMT-0400,185.798,185.798,185.798,185.798,0
28.09.2018 08:00:00.000 GMT-0400,185.798,185.798,185.798,185.798,0
28.09.2018 09:00:00.000 GMT-0400,185.217,185.658,184.957,185.278,17.7942
28.09.2018 10:00:00.000 GMT-0400,185.288,185.908,185.047,185.798,29.1044
28.09.2018 11:00:00.000 GMT-0400,185.797,186.258,185.767,185.828,24.5686
28.09.2018 12:00:00.000 GMT-0400,185.828,185.978,185.227,185.588,19.1124
28.09.2018 13:00:00.000 GMT-0400,185.577,185.838,185.388,185.648,16.2405
28.09.2018 14:00:00.000 GMT-0400,185.647,185.678,185.298,185.527,18.7817
28.09.2018 15:00:00.000 GMT-0400,185.528,185.798,185.457,185.758,27.9109
28.09.2018 16:00:00.000 GMT-0400,185.758,185.758,185.758,185.758,0
28.09.2018 17:00:00.000 GMT-0400,185.758,185.758,185.758,185.758,0
28.09.2018 18:00:00.000 GMT-0400,185.758,185.758,185.758,185.758,0
28.09.2018 19:00:00.000 GMT-0400,185.758,185.758,185.758,185.758,0
28.09.2018 20:00:00.000 GMT-0400,185.758,185.758,185.758,185.758,0
28.09.2018 21:00:00.000 GMT-0400,185.758,185.758,185.758,185.758,0
28.09.2018 22:00:00.000 GMT-0400,185.758,185.758,185.758,185.758,0
28.09.2018 23:00:00.000 GMT-0400,185.758,185.758,185.758,185.758,0
29.09.2018 00:00:00.000 GMT-0400,185.758,185.758,185.758,185.758,0
29.09.2018 01:00:00.000 GMT-0400,185.758,185.758,185.758,185.758,0
29.09.2018 02:00:00.000 GMT-0400,185.758,185.758,185.758,185.758,0
29.09.2018 03:00:00.000 GMT-0400,185.758,185.758,185.758,185.758,0
29.09.2018 04:00:00.000 GMT-0400,185.758,185.758,185.758,185.758,0
29.09.2018 05:00:00.000 GMT-0400,185.758,185.758,185.758,185.758,0
29.09.2018 06:00:00.000 GMT-0400,185.758,185.758,185.758,185.758,0
29.09.2018 07:00:00.000 GMT-0400,185.758,185.758,185.758,185.758,0
29.09.2018 08:00:00.000 GMT-0400,185.758,185.758,185.758,185.758,0
29.09.2018 09:00:00.000 GMT-0400,185.758,185.758,185.758,185.758,0
29.09.2018 10:00:00.000 GMT-0400,185.758,185.758,185.758,185.758,0
29.09.2018 11:00:00.000 GMT-0400,185.758,185.758,185.758,185.758,0
29.09.2018 12:00:00.000 GMT-0400,185.758,185.758,185.758,185.758,0
29.09.2018 13:00:00.000 GMT-0400,185.758,185.758,185.758,185.758,0
29.09.2018 14:00:00.000 GMT-0400,185.758,185.758,185.758,185.758,0
29.09.2018 15:00:00.000 GMT-0400,185.758,185.758,185.758,185.758,0
29.09.2018 16:00:00.000 GMT-0400,185.758,185.758,185.758,185.758,0
29.09.2018 17:00:00.000 GMT-0400,185.758,185.758,185.758,185.758,0
29.09.2018 18:00:00.000 GMT-0400,185.758,185.758,185.758,185.758,0
29.09.2018 19:00:00.000 GMT-0400,185.758,185.758,185.758,185.758,0
29.09.2018 20:00:00.000 GMT-0400,185.758,185.758,185.758,185.758,0
29.09.2018 21:00:00.000 GMT-0400,185.758,185.758,185.758,185.758,0
29.09.2018 22:00:00.000 GMT-0400,185.758,185.758,185.758,185.758,0
29.09.2018 23:00:00.000 GMT-0400,185.758,185.758,185.758,185.758,0
30.09.2018 00:00:00.000 GMT-0400,185.758,185.758,185.758,185.758,0
30.09.2018 01:00:00.000 GMT-0400,185.758,185.758,185.758,185.758,0
30.09.2018 02:00:00.000 GMT-0400,185.758,185.758,185.758,185.758,0
30.09.2018 03:00:00.000 GMT-0400,185.758,185.758,185.758,185.758,0
30.09.2018 04:00:00.000 GMT-0400,185.758,185.758,185.758,185.758,0
30.09.2018 05:00:00.000 GMT-0400,185.758,185.758,185.758,185.758,0
30.09.2018 06:00:00.000 GMT-0400,185.758,185.758,185.758,185.758,0
30.09.2018 07:00:00.000 GMT-0400,185.758,185.758,185.758,185.758,0
30.09.2018 08:00:00.000 GMT-0400,185.758,185.758,185.758,185.758,0
30.09.2018 09:00:00.000 GMT-0400,185.758,185.758,185.758,185.758,0
30.09.2018 10:00:00.000 GMT-0400,185.758,185.758,185.758,185.758,0
30.09.2018 11:00:00.000 GMT-0400,185.758,185.758,185.758,185.758,0
30.09.2018 12:00:00.000 GMT-0400,185.758,185.758,185.758,185.758,0
30.09.2018 13:00:00.000 GMT-0400,185.758,185.758,185.758,185.758,0
30.09.2018 14:00:00.000 GMT-0400,185.758,185.758,185.758,185.758,0
30.09.2018 15:00:00.000 GMT-0400,185.758,185.758,185.758,185.758,0
30.09.2018 16:00:00.000 GMT-0400,185.758,185.758,185.758,185.758,0
30.09.2018 17:00:00.000 GMT-0400,185.758,185.758,185.758,185.758,0
30.09.2018 18:00:00.000 GMT-0400,185.758,185.758,185.758,185.758,0
30.09.2018 19:00:00.000 GMT-0400,185.758,185.758,185.758,185.758,0
30.09.2018 20:00:00.000 GMT-0400,185.758,185.758,185.758,185.758,0
30.09.2018 21:00:00.000 GMT-0400,185.758,185.758,185.758,185.758,0
30.09.2018 22:00:00.000 GMT-0400,185.758,185.758,185.758,185.758,0
30.09.2018 23:00:00.000 GMT-0400,185.758,185.758,185.758,185.758,0
01.10.2018 00:00:00.000 GMT-0400,185.758,185.758,185.758,185.758,0
01.10.2018 01:00:00.000 GMT-0400,185.758,185.758,185.758,185.758,0
01.10.2018 02:00:00.000 GMT-0400,185.758,185.758,185.758,185.758,0
01.10.2018 03:00:00.000 GMT-0400,185.758,185.758,185.758,185.758,0
01.10.2018 04:00:00.000 GMT-0400,185.758,185.758,185.758,185.758,0
01.10.2018 05:00:00.000 GMT-0400,185.758,185.758,185.758,185.758,0
01.10.2018 06:00:00.000 GMT-0400,185.758,185.758,185.758,185.758,0
01.10.2018 07:00:00.000 GMT-0400,185.758,185.758,185.758,185.758,0
01.10.2018 08:00:00.000 GMT-0400,185.758,185.758,185.758,185.758,0
01.10.2018 09:00:00.000 GMT-0400,186.808,187.448,185.758,187.297,21.011900000000004
01.10.2018 10:00:00.000 GMT-0400,187.318,187.508,187.098,187.287,26.852499999999996
01.10.2018 11:00:00.000 GMT-0400,187.288,187.298,186.858,187.028,23.519800000000007
01.10.2018 12:00:00.000 GMT-0400,187.027,187.077,186.407,186.498,25.525599999999997
01.10.2018 13:00:00.000 GMT-0400,186.497,186.748,186.427,186.608,22.012800000000006
01.10.2018 14:00:00.000 GMT-0400,186.617,186.618,185.987,186.348,25.276400000000002
01.10.2018 15:00:00.000 GMT-0400,186.358,186.398,185.687,186.127,28.349200000000007
01.10.2018 16:00:00.000 GMT-0400,186.127,186.127,186.127,186.127,0
01.10.2018 17:00:00.000 GMT-0400,186.127,186.127,186.127,186.127,0
01.10.2018 18:00:00.000 GMT-0400,186.127,186.127,186.127,186.127,0
01.10.2018 19:00:00.000 GMT-0400,186.127,186.127,186.127,186.127,0
01.10.2018 20:00:00.000 GMT-0400,186.127,186.127,186.127,186.127,0
01.10.2018 21:00:00.000 GMT-0400,186.127,186.127,186.127,186.127,0
01.10.2018 22:00:00.000 GMT-0400,186.127,186.127,186.127,186.127,0
01.10.2018 23:00:00.000 GMT-0400,186.127,186.127,186.127,186.127,0
02.10.2018 00:00:00.000 GMT-0400,186.127,186.127,186.127,186.127,0
02.10.2018 01:00:00.000 GMT-0400,186.127,186.127,186.127,186.127,0
02.10.2018 02:00:00.000 GMT-0400,186.127,186.127,186.127,186.127,0
02.10.2018 03:00:00.000 GMT-0400,186.127,186.127,186.127,186.127,0
02.10.2018 04:00:00.000 GMT-0400,186.127,186.127,186.127,186.127,0
02.10.2018 05:00:00.000 GMT-0400,186.127,186.127,186.127,186.127,0
02.10.2018 06:00:00.000 GMT-0400,186.127,186.127,186.127,186.127,0
02.10.2018 07:00:00.000 GMT-0400,186.127,186.127,186.127,186.127,0
02.10.2018 08:00:00.000 GMT-0400,186.127,186.127,186.127,186.127,0
02.10.2018 09:00:00.000 GMT-0400,185.928,186.428,185.307,186.368,24.447000000000003
02.10.2018 10:00:00.000 GMT-0400,186.367,186.777,185.917,186.547,37.5979
02.10.2018 11:00:00.000 GMT-0400,186.548,187.058,186.407,187.017,27.0279
02.10.2018 12:00:00.000 GMT-0400,187.017,187.158,186.297,186.438,24.167199999999994
02.10.2018 13:00:00.000 GMT-0400,186.437,186.718,186.377,186.438,18.664300000000008
02.10.2018 14:00:00.000 GMT-0400,186.437,186.587,186.017,186.078,23.907000000000004
02.10.2018 15:00:00.000 GMT-0400,186.077,186.078,185.307,185.717,29.548300000000005
02.10.2018 16:00:00.000 GMT-0400,185.717,185.717,185.717,185.717,0
02.10.2018 17:00:00.000 GMT-0400,185.717,185.717,185.717,185.717,0
02.10.2018 18:00:00.000 GMT-0400,185.717,185.717,185.717,185.717,0
02.10.2018 19:00:00.000 GMT-0400,185.717,185.717,185.717,185.717,0
02.10.2018 20:00:00.000 GMT-0400,185.717,185.717,185.717,185.717,0
02.10.2018 21:00:00.000 GMT-0400,185.717,185.717,185.717,185.717,0
02.10.2018 22:00:00.000 GMT-0400,185.717,185.717,185.717,185.717,0
02.10.2018 23:00:00.000 GMT-0400,185.717,185.717,185.717,185.717,0
03.10.2018 00:00:00.000 GMT-0400,185.717,185.717,185.717,185.717,0
03.10.2018 01:00:00.000 GMT-0400,185.717,185.717,185.717,185.717,0
03.10.2018 02:00:00.000 GMT-0400,185.717,185.717,185.717,185.717,0
03.10.2018 03:00:00.000 GMT-0400,185.717,185.717,185.717,185.717,0
03.10.2018 04:00:00.000 GMT-0400,185.717,185.717,185.717,185.717,0
03.10.2018 05:00:00.000 GMT-0400,185.717,185.717,185.717,185.717,0
03.10.2018 06:00:00.000 GMT-0400,185.717,185.717,185.717,185.717,0
03.10.2018 07:00:00.000 GMT-0400,185.717,185.717,185.717,185.717,0
03.10.2018 08:00:00.000 GMT-0400,185.717,185.717,185.717,185.717,0
03.10.2018 09:00:00.000 GMT-0400,186.487,186.827,185.717,186.477,21.8198
03.10.2018 10:00:00.000 GMT-0400,186.488,186.948,186.188,186.278,33.770100000000006
03.10.2018 11:00:00.000 GMT-0400,186.277,186.647,185.987,186.647,32.0075
03.10.2018 12:00:00.000 GMT-0400,186.648,186.758,186.257,186.548,22.0301
03.10.2018 13:00:00.000 GMT-0400,186.558,186.818,186.397,186.518,21.352899999999995
03.10.2018 14:00:00.000 GMT-0400,186.517,186.708,185.857,186.097,27.469700000000003
03.10.2018 15:00:00.000 GMT-0400,186.088,186.198,185.647,185.968,32.3942
03.10.2018 16:00:00.000 GMT-0400,185.968,185.968,185.968,185.968,0
03.10.2018 17:00:00.000 GMT-0400,185.968,185.968,185.968,185.968,0
03.10.2018 18:00:00.000 GMT-0400,185.968,185.968,185.968,185.968,0
03.10.2018 19:00:00.000 GMT-0400,185.968,185.968,185.968,185.968,0
03.10.2018 20:00:00.000 GMT-0400,185.968,185.968,185.968,185.968,0
03.10.2018 21:00:00.000 GMT-0400,185.968,185.968,185.968,185.968,0
03.10.2018 22:00:00.000 GMT-0400,185.968,185.968,185.968,185.968,0
03.10.2018 23:00:00.000 GMT-0400,185.968,185.968,185.968,185.968,0
04.10.2018 00:00:00.000 GMT-0400,185.968,185.968,185.968,185.968,0
04.10.2018 01:00:00.000 GMT-0400,185.968,185.968,185.968,185.968,0
04.10.2018 02:00:00.000 GMT-0400,185.968,185.968,185.968,185.968,0
04.10.2018 03:00:00.000 GMT-0400,185.968,185.968,185.968,185.968,0
04.10.2018 04:00:00.000 GMT-0400,185.968,185.968,185.968,185.968,0
04.10.2018 05:00:00.000 GMT-0400,185.968,185.968,185.968,185.968,0
04.10.2018 06:00:00.000 GMT-0400,185.968,185.968,185.968,185.968,0
04.10.2018 07:00:00.000 GMT-0400,185.968,185.968,185.968,185.968,0
04.10.2018 08:00:00.000 GMT-0400,185.968,185.968,185.968,185.968,0
04.10.2018 09:00:00.000 GMT-0400,185.188,185.968,183.937,184.268,29.6233
04.10.2018 10:00:00.000 GMT-0400,184.277,184.288,182.948,183.077,47.88260000000002
04.10.2018 11:00:00.000 GMT-0400,183.078,183.538,182.467,182.577,33.269499999999994
04.10.2018 12:00:00.000 GMT-0400,182.567,182.707,181.788,181.957,34.56620000000001
04.10.2018 13:00:00.000 GMT-0400,181.967,182.138,181.248,181.438,32.5736
04.10.2018 14:00:00.000 GMT-0400,181.437,182.318,181.047,182.228,35.7998
04.10.2018 15:00:00.000 GMT-0400,182.218,182.588,181.757,182.427,32.33290000000001
04.10.2018 16:00:00.000 GMT-0400,182.427,182.427,182.427,182.427,0
04.10.2018 17:00:00.000 GMT-0400,182.427,182.427,182.427,182.427,0
04.10.2018 18:00:00.000 GMT-0400,182.427,182.427,182.427,182.427,0
04.10.2018 19:00:00.000 GMT-0400,182.427,182.427,182.427,182.427,0
04.10.2018 20:00:00.000 GMT-0400,182.427,182.427,182.427,182.427,0
04.10.2018 21:00:00.000 GMT-0400,182.427,182.427,182.427,182.427,0
04.10.2018 22:00:00.000 GMT-0400,182.427,182.427,182.427,182.427,0
04.10.2018 23:00:00.000 GMT-0400,182.427,182.427,182.427,182.427,0
05.10.2018 00:00:00.000 GMT-0400,182.427,182.427,182.427,182.427,0
05.10.2018 01:00:00.000 GMT-0400,182.427,182.427,182.427,182.427,0
05.10.2018 02:00:00.000 GMT-0400,182.427,182.427,182.427,182.427,0
05.10.2018 03:00:00.000 GMT-0400,182.427,182.427,182.427,182.427,0
05.10.2018 04:00:00.000 GMT-0400,182.427,182.427,182.427,182.427,0
05.10.2018 05:00:00.000 GMT-0400,182.427,182.427,182.427,182.427,0
05.10.2018 06:00:00.000 GMT-0400,182.427,182.427,182.427,182.427,0
05.10.2018 07:00:00.000 GMT-0400,182.427,182.427,182.427,182.427,0
05.10.2018 08:00:00.000 GMT-0400,182.427,182.427,182.427,182.427,0
05.10.2018 09:00:00.000 GMT-0400,182.338,182.947,181.448,181.588,30.9154
05.10.2018 10:00:00.000 GMT-0400,181.598,182.248,181.037,181.348,46.98310000000001
05.10.2018 11:00:00.000 GMT-0400,181.358,181.378,179.347,179.457,54.07320000000001
05.10.2018 12:00:00.000 GMT-0400,179.458,179.908,178.778,179.077,43.20079999999999
05.10.2018 13:00:00.000 GMT-0400,179.078,179.638,178.417,179.538,41.8604
05.10.2018 14:00:00.000 GMT-0400,179.527,180.718,179.367,180.468,38.90979999999999
05.10.2018 15:00:00.000 GMT-0400,180.478,180.848,179.987,180.148,43.0373
05.10.2018 16:00:00.000 GMT-0400,180.148,180.148,180.148,180.148,0
05.10.2018 17:00:00.000 GMT-0400,180.148,180.148,180.148,180.148,0
05.10.2018 18:00:00.000 GMT-0400,180.148,180.148,180.148,180.148,0
05.10.2018 19:00:00.000 GMT-0400,180.148,180.148,180.148,180.148,0
05.10.2018 20:00:00.000 GMT-0400,180.148,180.148,180.148,180.148,0
05.10.2018 21:00:00.000 GMT-0400,180.148,180.148,180.148,180.148,0
05.10.2018 22:00:00.000 GMT-0400,180.148,180.148,180.148,180.148,0
05.10.2018 23:00:00.000 GMT-0400,180.148,180.148,180.148,180.148,0